frame,capture_wall_ms,capture_cpu_ms,preprocess_wall_ms,preprocess_cpu_ms,infer_wall_ms,infer_cpu_ms,overlay_wall_ms,overlay_cpu_ms,detections
0,288.5420322418213,210.02215599999997,69.63181495666504,66.4761119999997,435.6982707977295,485.1561370000002,100.83603858947754,421.280629,0
1,1.1894702911376953,1.096035999999856,75.52146911621094,69.04977399999979,352.59556770324707,382.3585680000008,59.9212646484375,361.44866099999984,0
2,1.8796920776367188,2.6195129999999622,62.821149826049805,56.65865499999967,143.16415786743164,261.90281400000083,62.827110290527344,96.9070030000001,0
3,1.9779205322265625,2.7885370000007015,4.372835159301758,4.541491999999536,161.5588665008545,289.2534739999997,119.83036994934082,190.0018940000008,0
4,1.9786357879638672,2.471769999999651,9.146690368652344,10.174126999999977,161.96131706237793,287.23867300000006,79.29348945617676,119.17781700000063,0
5,3.2050609588623047,4.493389000000292,33.408403396606445,30.802168999999324,213.91844749450684,376.0844849999998,59.40675735473633,105.76511899999997,0
6,0.7340908050537109,0.68031799999968,5.614042282104492,6.255129000000359,142.12536811828613,251.6572159999999,54.357290267944336,93.05486600000012,0
7,0.7302761077880859,1.1098079999998234,2.3801326751708984,3.025919999999793,139.97983932495117,255.8217169999999,62.719106674194336,95.51391300000134,0
8,0.8733272552490234,1.2459489999994133,4.242420196533203,4.7413819999988505,180.7389259338379,330.1625260000005,104.20036315917969,172.16789499999942,0
9,0.7703304290771484,0.7156769999987489,6.3800811767578125,7.128014999999266,153.20324897766113,212.57663300000118,58.498382568359375,155.1222509999999,0
10,0.9083747863769531,1.2911679999998427,7.263898849487305,7.555498999998633,149.4426727294922,160.33346600000087,61.07020378112793,203.11413899999843,0
11,1.9290447235107422,2.723024999999879,4.243135452270508,4.755892000000372,146.31915092468262,264.6074600000006,57.11221694946289,91.97642100000003,0
12,0.8561611175537109,1.330065999999519,5.983591079711914,6.383911000000353,150.32076835632324,273.8500110000004,57.700157165527344,91.9271049999999,0
13,0.7283687591552734,1.081061000000716,3.070354461669922,3.6616220000009747,158.4310531616211,271.7945119999996,79.4377326965332,119.67125099999976,0
14,1.4743804931640625,2.3836900000002714,10.817527770996094,11.540670000000475,167.40036010742188,166.05755299999993,65.93179702758789,239.3379109999998,0
15,0.9849071502685547,1.4980760000007365,5.3501129150390625,6.031076999999385,194.05174255371094,220.45481600000016,62.89529800415039,230.98611999999895,0
16,5.3539276123046875,8.755331999999783,12.69984245300293,12.95673000000086,144.72103118896484,255.9146779999999,60.11819839477539,101.48142499999935,0
17,0.8223056793212891,1.048486999998488,3.289937973022461,3.868012999999948,347.3544120788574,635.7665189999988,62.354087829589844,96.15636100000025,0
18,1.7900466918945312,2.657060000000655,10.122299194335938,10.799003999999002,270.2527046203613,483.0392250000006,60.32419204711914,100.17096099999989,0
19,1.0426044464111328,1.7127620000003674,4.853010177612305,5.429123999999064,201.5681266784668,364.23562600000105,73.50420951843262,120.19835699999959,0
20,2.043008804321289,2.8365150000002615,7.602214813232422,7.7419830000007295,154.1130542755127,280.2576909999992,57.90376663208008,92.2791200000006,0
21,0.7812976837158203,1.2163399999991498,2.951383590698242,3.5511859999992623,139.14728164672852,140.5825620000005,57.741403579711914,203.2260309999998,0
22,1.9268989562988281,2.7149580000003226,7.112026214599609,7.0559240000012124,162.43243217468262,296.72828700000053,77.83126831054688,125.96563099999969,0
23,0.7801055908203125,1.2192219999995757,5.17582893371582,5.643871000000189,170.15337944030762,309.64044899999976,73.59981536865234,116.7824460000002,0
24,1.901865005493164,2.6910949999994216,7.694721221923828,7.681035000000946,163.41495513916016,179.35539399999988,59.32474136352539,209.40005699999986,0
25,0.8294582366943359,1.1707450000013608,3.015279769897461,3.632224000000406,137.61329650878906,251.80673499999884,39.77465629577637,67.9522660000007,0
26,0.9748935699462891,8.104997000000225,5.861520767211914,8.780166000001088,152.04501152038574,271.48004000000014,57.26504325866699,94.99225999999794,0
27,0.8177757263183594,1.1677100000007101,3.0028820037841797,3.600313999999827,156.4939022064209,213.6900060000002,83.74238014221191,189.31174699999787,0
28,3.5598278045654297,5.100803000001264,15.116453170776367,14.711355999999398,280.9007167816162,474.64713700000163,56.8079948425293,95.42312800000019,0
29,1.71661376953125,2.9610499999996875,3.3664703369140625,4.032079000001687,140.15841484069824,168.1566789999991,57.48581886291504,176.3818929999985,0
30,1.8072128295898438,2.681810999998646,8.577823638916016,9.263849999999962,178.1914234161377,199.95311999999998,90.72470664978027,268.38012600000025,0
31,0.9489059448242188,1.3746539999992535,4.327297210693359,5.025003000000083,145.06292343139648,259.98356099999853,64.06664848327637,97.63477100000273,0
32,0.7598400115966797,1.1565880000006246,8.041620254516602,8.250341000000105,155.64513206481934,279.3064909999998,69.61822509765625,112.57830299999938,0
33,1.2211799621582031,1.567646999998118,4.085302352905273,4.919570000001983,145.28679847717285,265.4393450000008,61.608314514160156,95.75145699999865,0
34,2.678394317626953,4.705350000001829,6.554365158081055,6.987381000001847,157.72056579589844,281.1704240000026,57.466745376586914,95.25175699999977,0
35,0.7278919219970703,1.0881619999985048,2.9692649841308594,3.5575580000006823,141.7398452758789,129.44462699999804,63.10391426086426,224.1257680000004,0
36,0.9052753448486328,1.361539999997774,6.815671920776367,7.527815999999632,167.81854629516602,304.71804800000155,99.74908828735352,149.60523899999956,0
37,1.1670589447021484,1.4979609999983268,6.104707717895508,7.022670000001341,162.64081001281738,296.2452660000032,83.0237865447998,132.29193799999805,0
38,0.8502006530761719,1.2671040000000744,6.231546401977539,6.577046000000308,145.94745635986328,257.5276430000031,66.20001792907715,111.43014800000017,0
39,1.1096000671386719,1.6487889999972083,5.262851715087891,6.25407500000108,141.03341102600098,250.65811400000015,64.5589828491211,103.24812799999705,0
40,0.7882118225097656,1.1297989999974334,6.689310073852539,7.046274000000352,185.14370918273926,334.0448630000026,84.2597484588623,138.23672299999856,0
41,0.7050037384033203,1.0934200000001226,4.695415496826172,5.162479000002662,176.32079124450684,313.86086200000204,87.615966796875,150.78843100000228,0
42,0.7941722869873047,0.9905840000001831,6.602287292480469,6.952318999999818,148.17357063293457,258.37228700000026,63.079833984375,100.77838899999847,0
43,0.6282329559326172,0.8933949999985202,3.3638477325439453,4.2278949999996485,139.12391662597656,186.71504799999994,103.52659225463867,224.41862799999868,0
44,1.0056495666503906,1.4952860000008172,34.14273262023926,31.519125999999176,166.22567176818848,301.49714599999913,59.20696258544922,92.47083099999998,0
45,1.0442733764648438,1.7290859999974373,3.469705581665039,4.140749999997695,164.37506675720215,292.5543879999992,80.89327812194824,120.41204399999828,0
46,2.346038818359375,3.3532009999994727,12.56108283996582,15.262499999998624,184.80300903320312,329.9052650000007,58.59065055847168,95.51018199999817,0
47,0.6949901580810547,1.0562790000001598,2.9909610748291016,3.5923330000002807,185.23740768432617,338.0469849999983,81.17413520812988,130.7905490000003,0
48,0.9555816650390625,1.5116269999992937,5.925655364990234,6.285755000000393,160.75634956359863,148.38667400000105,57.683467864990234,234.00612100000018,0
49,0.8585453033447266,1.276593000000048,5.396842956542969,5.810268000001173,189.4853115081787,339.9690060000005,57.204246520996094,95.05028199999899,0
50,2.160787582397461,2.950105000000036,6.504297256469727,6.484476000000683,178.03168296813965,213.42460600000024,68.24111938476562,200.95422299999655,0
51,2.0475387573242188,2.864358000000067,2.968311309814453,2.929019999999838,140.594482421875,248.73147299999943,66.50209426879883,120.8979389999989,0
52,0.8194446563720703,1.1692670000016392,15.768289566040039,9.301929999999459,148.06199073791504,236.30027999999825,66.38002395629883,134.37550200000103,0
53,1.7240047454833984,2.52243400000296,5.364656448364258,7.74858599999817,144.00720596313477,186.2255580000003,56.08654022216797,166.0012430000002,0
54,2.5293827056884766,3.6642740000019103,11.594533920288086,12.75161299999894,171.12493515014648,306.27538699999945,73.8518238067627,116.61552800000052,0
55,1.1293888092041016,1.8420069999969257,4.314899444580078,5.27865799999816,153.75971794128418,277.200312999998,59.842586517333984,94.79343199999946,0
56,1.9910335540771484,2.81870299999909,10.940790176391602,11.318105000000855,167.9835319519043,269.4723580000016,62.71171569824219,133.52431399999887,0
57,2.015352249145508,2.8403430000025764,4.745721817016602,4.870871000001387,207.42225646972656,341.66274899999746,60.97221374511719,130.47195699999747,0
58,1.0428428649902344,1.438752999998627,6.765127182006836,7.292250999999084,142.55976676940918,150.4895380000022,56.17260932922363,196.51311100000157,0
59,2.2640228271484375,3.2010870000007685,5.250215530395508,5.789718000002608,162.4751091003418,176.0213979999996,64.79358673095703,220.1927700000006,0
60,1.1353492736816406,1.6887079999996502,12.267827987670898,11.590194000000054,182.8315258026123,313.4271859999984,76.14898681640625,123.0036659999989,0
61,1.3086795806884766,1.95759600000045,5.4988861083984375,6.243649000001739,159.1165065765381,287.35572600000125,59.87834930419922,93.17172700000143,0
62,1.0423660278320312,1.4378539999988504,7.427453994750977,7.845944999999688,140.98668098449707,180.0748910000003,16.6473388671875,15.372667000001172,0
63,0.6687641143798828,95.01900800000129,1.9748210906982422,2.353692999999879,64.9411678314209,119.78753300000022,18.753528594970703,27.427956000000364,0
64,0.5297660827636719,0.4915479999993977,2.937793731689453,13.137500999999219,57.962656021118164,104.8485509999999,18.095970153808594,26.982075000002936,0
65,0.4169940948486328,0.3859870000013643,2.335071563720703,12.856483000000196,59.3104362487793,104.91798299999999,17.539501190185547,26.482184000002462,0
66,0.41556358337402344,10.701363999999103,2.620697021484375,2.4200800000002687,103.93118858337402,189.01158499999937,63.18521499633789,101.11698499999733,0
67,0.7758140563964844,1.001229999999964,2.875804901123047,3.480611999997052,140.46502113342285,127.7022410000015,59.586524963378906,218.42505600000095,0
68,1.7614364624023438,2.5921690000032527,8.621692657470703,7.543857000001708,142.94695854187012,252.50038299999744,58.260202407836914,98.07330999999664,0
69,0.7262229919433594,1.0750920000006658,6.183147430419922,5.929555999998115,177.35695838928223,324.5926139999966,59.65876579284668,91.68533800000489,0
70,0.8296966552734375,1.242679000000635,6.496667861938477,6.8199680000020635,150.66123008728027,269.0988680000004,61.066389083862305,96.2040559999977,0
71,0.8249282836914062,1.193204999999864,3.287792205810547,3.8628020000004426,156.8429470062256,214.9583160000006,22.72629737854004,20.98365500000199,0
72,1.1873245239257812,95.15237099999752,3.8089752197265625,3.517418000001271,62.348127365112305,57.55953799999958,18.04804801940918,16.664177000002667,0
73,0.3712177276611328,0.3436570000019401,3.9920806884765625,84.39229700000084,138.80586624145508,251.38566100000048,62.918663024902344,101.06429700000064,0
74,2.6061534881591797,4.287660999999332,14.81771469116211,16.697529999994742,142.22216606140137,237.746142000006,57.24525451660156,108.32789400000564,0
75,0.919342041015625,1.5100210000014158,3.060579299926758,3.6566160000006676,142.52114295959473,249.8170130000048,56.6105842590332,96.80551900000012,0
76,0.7727146148681641,1.1039110000012897,5.764484405517578,6.215271999998606,161.454439163208,247.40598599999686,66.98274612426758,154.68584799999974,0
77,0.8478164672851562,1.2892509999957724,3.8123130798339844,4.429747999999734,185.99677085876465,210.57416899999737,68.7093734741211,230.44989200000288,0
78,2.157926559448242,2.8094729999992296,10.122299194335938,11.901756000000319,222.82886505126953,205.68953100000442,62.63542175292969,301.99097699999555,0
79,1.9657611846923828,2.7990000000031046,4.7054290771484375,5.269712000000482,186.45000457763672,332.9021430000054,58.87174606323242,99.59087100000374,0
80,0.6656646728515625,1.0172510000003854,6.910085678100586,7.192850999999223,137.88342475891113,252.44920899999812,62.58273124694824,93.42626600000159,0
81,0.7028579711914062,1.0497830000062436,3.396272659301758,3.956620000003852,143.45932006835938,237.18182700000057,51.525115966796875,105.3951879999957,0
82,0.41937828063964844,0.5682189999944853,5.077838897705078,5.733464000002186,138.11659812927246,151.92365799999408,58.07614326477051,190.66220700000258,0
83,0.9026527404785156,1.4522589999970137,3.3609867095947266,3.9582400000028883,253.51667404174805,376.57004500000113,130.88154792785645,288.1068199999959,0
84,1.447916030883789,2.265438999998537,13.099908828735352,13.952029999998672,214.31446075439453,387.98591100000124,118.0572509765625,186.10452000000066,0
85,3.0460357666015625,4.456267000001901,6.484746932983398,7.390024999999412,207.49688148498535,369.45299700000334,74.19753074645996,127.59685500000018,0
86,0.8642673492431641,1.2923450000030812,10.274887084960938,10.600318999998137,164.67905044555664,291.82537500000194,86.7011547088623,137.12609299999912,0
87,1.1456012725830078,1.0618740000012394,7.974863052368164,9.78217200000131,170.44448852539062,307.6807239999937,65.03558158874512,100.31760799999745,0
88,2.5589466094970703,3.624268999999458,10.531187057495117,10.476277999998729,143.02539825439453,252.3876180000002,59.400320053100586,99.48790100000338,0
89,1.8045902252197266,2.6094090000015058,4.900932312011719,4.957793999999183,143.45121383666992,184.47734000000082,59.168338775634766,164.78133100000036,0
90,1.2202262878417969,1.6637419999980807,8.58449935913086,9.257598999994343,144.52791213989258,264.84094700000327,59.47375297546387,93.29601299999979,0
91,1.5647411346435547,2.345794999996542,3.582477569580078,6.129295000000923,144.5302963256836,259.89475299999754,56.981801986694336,93.57584400000007,0
92,1.6605854034423828,2.5983520000067983,6.070375442504883,6.347166000004734,150.04897117614746,272.0623080000024,57.30009078979492,92.57064399999848,0
93,1.913309097290039,2.701308999995433,5.65338134765625,5.71735800000539,139.52136039733887,251.62831199999403,57.04545974731445,93.02256600000192,0
94,0.6923675537109375,1.0720709999958444,5.947113037109375,6.299607000002538,141.7524814605713,255.1577810000012,58.176279067993164,94.62784600000163,0
95,0.7009506225585938,1.031816000001129,2.9709339141845703,3.564092000004848,144.65928077697754,258.3986039999999,63.37928771972656,104.99167000000398,0
96,1.0275840759277344,1.2715069999984507,7.930278778076172,8.13457400000317,141.52789115905762,253.46847200000155,69.64349746704102,107.08210800000018,0
97,0.9644031524658203,1.51575200000309,7.677316665649414,8.419688000003589,142.39215850830078,258.7798300000017,58.266401290893555,91.04041199999813,0
98,1.6918182373046875,2.5785609999999792,6.26063346862793,6.690306999999507,146.00300788879395,264.3351789999997,72.31616973876953,108.35107500000163,0
99,0.820159912109375,1.1599850000010292,4.559993743896484,5.038820999999416,169.40712928771973,296.50187200000033,71.82598114013672,110.09767600000231,0
100,0.7116794586181641,0.6595429999975977,12.355327606201172,11.889515000000017,148.12040328979492,211.94331900000662,59.27920341491699,149.43748999999684,0
101,2.0678043365478516,2.503032999996435,5.176782608032227,6.5739349999986985,148.79870414733887,264.74733099999526,61.131954193115234,97.25255099999686,0
102,1.6741752624511719,2.4838659999986135,5.920171737670898,6.260464999996884,147.01199531555176,213.0461980000007,58.88175964355469,146.51051300000262,0
103,2.027750015258789,2.8500929999992763,3.203868865966797,3.7017709999958015,138.7956142425537,196.97769999999792,58.00795555114746,143.5790560000001,0
104,0.7817745208740234,1.1518270000010489,6.116151809692383,6.457939000000579,142.40574836730957,254.78166599999952,58.75062942504883,98.17832299999907,0
105,1.4500617980957031,1.5212829999953215,4.278898239135742,4.742078999996124,170.05181312561035,306.4152569999976,62.66975402832031,98.09893599999953,0
106,0.6668567657470703,1.031464000000426,8.644580841064453,8.834810000003301,171.12040519714355,198.8252240000037,98.01530838012695,274.3679080000021,0
107,1.453399658203125,2.1417519999999968,4.6634674072265625,6.297228000001098,142.72117614746094,169.5898999999983,63.218116760253906,182.08194399999655,0
108,2.4232864379882812,3.298941000004163,8.267641067504883,8.121080000002223,172.98078536987305,301.28925100000004,59.48019027709961,107.80332399999537,0
109,2.0449161529541016,2.873935000003769,6.093263626098633,6.540410999996027,149.50251579284668,155.90726399999966,60.367584228515625,206.90556399999593,0
110,1.8734931945800781,2.70526599999954,7.216453552246094,7.097080000001199,159.54041481018066,231.51705200000094,60.65225601196289,152.08851799999934,0
111,1.985788345336914,2.793492000002118,6.683349609375,7.097699999995655,201.29632949829102,318.85751699999787,60.68754196166992,139.91334200000693,0
112,0.7135868072509766,0.6612279999984594,7.184505462646484,7.488320999996745,288.24806213378906,521.562633000002,59.09848213195801,95.8324690000012,0
113,0.8585453033447266,1.2337110000046891,6.475925445556641,6.806948000004809,174.9870777130127,314.30316200000163,63.739776611328125,100.22790099999668,0
114,0.8177757263183594,1.2471450000006712,6.040811538696289,6.404582000001824,145.07675170898438,259.93406899999627,62.53194808959961,98.96356600000189,0
115,0.7317066192626953,1.1384140000032517,4.071235656738281,4.6691370000004895,162.31775283813477,289.31695699999693,98.94657135009766,156.44038499999624,0
116,9.4451904296875,6.139106999995647,8.185863494873047,8.67645399999617,143.69511604309082,253.1524119999986,60.95767021179199,102.32391799999618,0
117,0.7500648498535156,1.1061310000002322,3.319978713989258,3.8965439999998353,150.56848526000977,253.61521700000367,60.14657020568848,114.08711100000346,0
118,1.1816024780273438,1.9559199999932275,7.318019866943359,7.566968999995538,159.00611877441406,248.3100649999983,57.298898696899414,133.84395900000357,0
119,1.0304450988769531,1.7003179999974805,3.093719482421875,3.777454000001512,138.58389854431152,225.0731570000042,59.4484806060791,118.49886000000254,0
120,0.8013248443603516,0.9309459999968794,11.031150817871094,11.177912999997375,139.5120620727539,231.2050650000046,61.09905242919922,114.06542600000336,0
121,0.8630752563476562,1.2238070000023527,3.5085678100585938,4.129050000003076,159.9433422088623,248.16444100000012,31.63909912109375,29.20930599999849,0
122,1.3003349304199219,74.72812299999987,3.351449966430664,3.110004999996363,61.430931091308594,56.71211099999596,18.076419830322266,16.69184299999671,0
123,0.35190582275390625,0.3257579999953464,2.3431777954101562,81.096567000003,60.29510498046875,110.17983299999656,17.048120498657227,26.108735000001104,0
124,0.3058910369873047,0.28283299999998235,3.085613250732422,2.8514999999984525,63.93861770629883,120.45042399999772,18.009424209594727,36.95425600000135,0
125,0.3185272216796875,0.2948880000062104,1.9421577453613281,6.367828999998437,62.2408390045166,105.07388799999973,142.46249198913574,267.54333499999916,0
126,1.8346309661865234,2.63546800000114,6.39796257019043,6.329078999996796,140.66052436828613,250.91154099999358,62.1342658996582,102.57006999999874,0
127,0.7004737854003906,1.0786559999971246,3.3261775970458984,3.9007580000003372,198.1058120727539,277.6524880000011,58.67457389831543,173.5461419999993,0
128,1.7189979553222656,2.5703499999991664,6.144523620605469,6.450883999995938,142.86017417907715,256.55732899999606,60.587406158447266,97.12628000000478,0
129,0.7078647613525391,1.0821069999948918,3.242969512939453,3.9173320000003287,147.36223220825195,269.4832040000037,58.228492736816406,93.07654300000223,0
130,3.934621810913086,4.617456999994829,8.897781372070312,9.314642999996181,279.60896492004395,497.74000100000393,88.63115310668945,146.8458229999996,0
131,0.98419189453125,1.4623280000023442,4.520416259765625,5.318356000003632,236.72795295715332,429.5411250000001,58.96306037902832,94.12532900000059,0
132,1.0344982147216797,1.7208239999959574,6.654024124145508,6.954077000003167,402.6989936828613,733.693436000003,74.23090934753418,121.57837400000204,0
133,1.7724037170410156,2.647220000000061,5.20014762878418,5.659475999998165,181.72955513000488,320.72627900000583,90.7747745513916,155.8068370000001,0
134,1.0728836059570312,1.6023570000029963,6.915807723999023,7.201919000003443,235.08286476135254,398.72538699999893,64.09096717834473,103.65995099999736,0
135,0.7302761077880859,1.0587829999977316,2.869844436645508,3.475369999996758,190.35601615905762,188.44430999999418,58.01033973693848,250.28208500000204,0
136,0.7114410400390625,1.0482990000042491,22.882461547851562,21.83730000000139,142.46201515197754,131.50768600000617,59.53359603881836,218.96269500000187,0
137,0.7710456848144531,1.133993000003386,3.130197525024414,3.720885999996426,141.343355178833,254.23542600000104,60.1961612701416,98.23317000000031,0
138,1.4045238494873047,2.3995809999988182,6.006717681884766,6.3578890000002275,141.45469665527344,250.2448070000014,62.90316581726074,103.69025499999651,0
139,2.6865005493164062,3.6887059999983762,5.379915237426758,5.512492000001146,139.66870307922363,251.44400599999983,59.48019027709961,96.13190099999969,0
140,2.347707748413086,3.267213000000879,7.361412048339844,7.780142000001433,137.43019104003906,245.24063700000198,78.39298248291016,118.72693299999781,0
141,1.4111995697021484,2.296624999999608,4.400491714477539,5.176898999998514,154.47306632995605,275.2754990000028,60.278892517089844,100.2979809999971,0
142,1.0929107666015625,1.668488999996498,7.104158401489258,7.392281999997863,141.58010482788086,255.122618999998,58.05253982543945,92.60400300000526,0
143,0.7712841033935547,1.1454409999984705,2.9709339141845703,3.6148820000008186,150.0711441040039,147.34345899999823,58.11643600463867,213.77268600000576,0
144,1.178741455078125,1.6733529999939378,6.317615509033203,6.674652999997477,148.45943450927734,263.3288000000036,58.45832824707031,99.43460499999901,0
145,0.8437633514404297,1.3459099999977298,3.389596939086914,3.9555210000017382,162.96935081481934,293.8622690000017,64.42070007324219,105.82442500000155,0
146,0.7023811340332031,1.06068799999548,6.432533264160156,6.8551479999996445,151.29375457763672,274.6599529999969,64.23735618591309,102.01752599999736,0
147,2.039670944213867,2.847283999997785,4.746198654174805,5.7288949999971805,145.66922187805176,261.5241610000041,57.37948417663574,94.31382599998983,0
148,1.9917488098144531,2.842649000001529,8.620738983154297,10.531243000002632,172.61672019958496,305.20564600000455,57.93309211730957,98.09365999998931,0
149,0.7407665252685547,1.1098860000089417,3.8213729858398438,4.627691000010259,173.96306991577148,307.8625700000117,57.37900733947754,96.52106199999366,0
150,0.5724430084228516,0.5297250000069198,4.127025604248047,4.8501109999961045,174.0858554840088,304.10993899999994,60.143470764160156,99.57485900000052,0
151,1.7392635345458984,2.545977000011135,6.232500076293945,6.962534000010123,183.90774726867676,334.4114169999983,65.54651260375977,99.72846899999865,0
152,5.544185638427734,1.837034000004678,8.050203323364258,8.712981000002173,147.28379249572754,260.75892900000497,64.90635871887207,103.90485599999977,0
153,1.9733905792236328,2.79874600001051,4.817485809326172,4.953143999998133,250.6871223449707,453.3421760000067,65.86766242980957,104.77082999999254,0
154,1.6946792602539062,2.8634729999907904,10.325431823730469,10.898445999998785,158.33711624145508,279.0279129999931,52.9630184173584,94.51884000000632,0
155,0.507354736328125,0.47006299999452494,1.8584728240966797,2.826866999996014,137.56179809570312,156.96514999999067,58.650970458984375,185.86713899999552,0
156,0.7724761962890625,1.139794000010852,7.182598114013672,7.470287999993275,145.94006538391113,260.941657999993,62.12139129638672,100.45703900000547,0
157,0.8172988891601562,1.1343620000019428,6.218671798706055,6.567834000009043,160.17866134643555,231.80523800000685,61.88774108886719,157.31542700000034,0
158,0.7555484771728516,1.113488000001439,6.265401840209961,6.6661460000005945,160.8431339263916,293.9417190000029,60.75406074523926,94.38867999999445,0
159,1.0845661163330078,1.4777499999922838,3.4978389739990234,4.142936000008035,143.5377597808838,253.65938800000265,63.539981842041016,104.87194899999963,0
160,0.8263587951660156,1.1776559999958636,7.473230361938477,7.715570000002003,143.6748504638672,214.37900500001206,67.49391555786133,143.79684800000803,0
161,1.1320114135742188,1.706733000006011,4.759550094604492,5.466205999994145,158.3421230316162,287.8978950000004,63.32874298095703,93.82727899999566,0
162,2.416372299194336,3.261307000002489,7.071018218994141,7.011681999998132,301.12433433532715,364.2432519999943,102.6773452758789,352.4138280000102,0
163,2.0072460174560547,2.9023950000066634,6.419897079467773,7.469552000003432,162.77551651000977,294.5338640000017,62.525272369384766,99.47253699999692,0
164,1.5909671783447266,2.389833999998814,8.453369140625,9.836900999999898,139.542818069458,255.79953599999783,75.10995864868164,103.77500200000611,0
165,1.9869804382324219,2.7718680000106133,3.6296844482421875,3.9622259999987364,141.04843139648438,252.9498970000077,57.07550048828125,94.56865699999639,0
166,1.9218921661376953,2.706054999990215,6.96873664855957,7.638087000003679,138.51547241210938,248.65152399999602,57.169437408447266,95.31601499999454,0
167,2.309083938598633,3.2791800000069316,7.564783096313477,9.431132000003117,142.7626609802246,261.08568300000456,57.81674385070801,90.9431659999882,0
168,0.6787776947021484,1.0292099999986704,5.959987640380859,6.315904999993904,169.1281795501709,302.3301380000021,63.486576080322266,105.0537479999889,0
169,0.8132457733154297,1.2827970000017785,2.9103755950927734,3.5511960000036424,137.9528045654297,139.73172399998646,62.2560977935791,201.28970099999322,0
170,0.7765293121337891,1.1580599999945207,5.699872970581055,6.078474999995365,138.7960910797119,213.36460300000226,60.556888580322266,132.4812630000025,0
171,0.7486343383789062,1.1124900000112348,3.0663013458251953,3.6571039999984123,139.1141414642334,244.05646099999956,60.90140342712402,100.52334499999915,0
172,2.987384796142578,3.9189479999919286,8.412599563598633,8.50482999999258,148.8938331604004,267.23038500000484,57.851552963256836,92.58124699999826,0
173,0.7700920104980469,1.1313870000009274,4.523992538452148,5.0157689999963395,205.87921142578125,367.0634679999978,59.983015060424805,101.08880500000339,0
174,0.7457733154296875,1.1456699999996545,5.620479583740234,6.001678999993487,143.94092559814453,257.7093849999983,65.47021865844727,103.37954699998875,0
175,1.2981891632080078,1.9894099999930859,5.773782730102539,6.227662000000578,142.23980903625488,255.20747699999902,56.33234977722168,91.34978999999532,0
176,0.7393360137939453,1.1529110000054743,5.539655685424805,5.953001999998264,144.24967765808105,257.60311999999885,62.33477592468262,99.30733299999872,0
177,0.8432865142822266,1.2587180000025455,6.2847137451171875,6.845673999990254,135.89787483215332,240.77491399999928,61.74874305725098,100.56107999999142,0
178,0.8177757263183594,1.2563039999946568,5.553245544433594,5.936340999994627,133.2712173461914,134.70642600000815,62.32261657714844,201.51640100000634,0
179,2.3648738861083984,3.0900130000048875,6.451129913330078,6.559228000000417,143.09453964233398,202.2856829999995,59.16452407836914,144.2122909999881,0
180,0.74005126953125,1.1413269999991371,7.174253463745117,7.469419000003086,147.66740798950195,268.05416499999524,87.59498596191406,132.7594050000016,0
181,0.8747577667236328,0.8094829999976128,4.898309707641602,5.026552000003903,138.09704780578613,245.87401600000192,56.48636817932129,95.93330900000296,0
182,2.0363330841064453,2.81858999998974,6.632566452026367,7.268563000010886,135.09893417358398,242.53579100000877,60.01091003417969,95.49942999998962,0
183,2.218008041381836,2.817910000004531,6.187677383422852,8.20354599999007,146.18444442749023,263.41511699999387,59.55862998962402,93.93576400000825,0
184,1.0187625885009766,1.5335909999976138,8.412361145019531,8.761590999995406,147.94564247131348,234.033378999996,61.00273132324219,128.49415299999123,0
185,1.0800361633300781,1.6084119999959512,4.416227340698242,5.2990920000013375,140.35320281982422,249.34305700000436,61.7985725402832,101.58176999999569,0
186,1.7230510711669922,2.527497999992079,6.5174102783203125,6.504891999995266,141.46995544433594,254.90818400000137,57.44647979736328,92.94458600000155,0
187,0.8742809295654297,1.342632999993043,4.1027069091796875,4.618437999994285,147.52888679504395,261.6094969999949,58.43067169189453,99.59654700000442,0
188,1.6970634460449219,2.553470999998808,8.378028869628906,8.167202000009866,142.09485054016113,256.3674080000027,60.07885932922363,95.5403660000087,0
189,5.644559860229492,2.7175169999935633,3.8170814514160156,4.383142000008888,138.65351676940918,247.48036100000093,64.55039978027344,105.40136100000552,0
190,1.4748573303222656,2.2085359999977072,7.520198822021484,8.708751000000348,139.78052139282227,250.8757060000022,58.63070487976074,96.29249300000708,0
191,2.046346664428711,2.922017000003052,3.9174556732177734,4.109415000002059,142.88902282714844,254.75396299999886,63.5828971862793,104.46902900000055,0
192,2.3415088653564453,3.2804070000054253,14.027118682861328,16.067309000007413,140.58184623718262,255.90517000000546,58.07638168334961,90.65173199999776,0
193,2.0189285278320312,2.85571799999218,4.344701766967773,4.867435999997838,135.453462600708,240.06340900000112,56.8699836730957,97.37027399999931,0
194,1.9402503967285156,2.7233240000015257,6.352663040161133,6.656720999998811,140.57588577270508,247.50321300000167,63.11511993408203,105.11381599999936,0
195,1.9366741180419922,2.740713999997979,3.9072036743164062,4.102916999997319,143.27716827392578,254.45073000000207,57.808637619018555,96.62848600000018,0
196,2.032756805419922,2.8359109999911425,6.402254104614258,7.083921999992526,149.81794357299805,265.9149050000025,67.89588928222656,112.8433479999984,0
197,2.346515655517578,3.1683909999884463,4.578351974487305,5.767020000007506,151.22604370117188,271.53244600000903,57.38067626953125,95.9363000000053,0
198,2.5773048400878906,3.27554499999394,8.056640625,9.534401999999886,135.5142593383789,243.37789799999143,64.09764289855957,99.20694800000263,0
199,1.7209053039550781,2.5225299999931394,5.318403244018555,8.48582099999362,141.9839859008789,245.78151500000445,65.86599349975586,110.09450999999615,0
200,2.5191307067871094,3.5498809999978675,14.042139053344727,13.739682000007747,151.49950981140137,147.8194140000113,61.13576889038086,225.87727199999108,0
201,3.484487533569336,5.8948369999995975,3.1790733337402344,3.77154000000246,137.5558376312256,248.3056429999948,58.47024917602539,94.26149600000144,0
202,1.9571781158447266,2.810441000008268,7.59434700012207,7.693742000000725,154.11090850830078,160.64135499999566,57.618141174316406,211.44928000001073,0
203,1.0004043579101562,1.6484870000113006,2.981901168823242,3.5784239999969714,144.24657821655273,254.62178699999072,64.01705741882324,103.96203599999865,0
204,1.7957687377929688,2.176231999996503,7.767677307128906,7.704790999994771,141.33524894714355,251.46006699999646,59.7686767578125,99.35020400000383,0
205,0.9846687316894531,1.6102960000097255,2.9921531677246094,3.624692000002483,145.2045440673828,264.6840150000003,59.1740608215332,92.89787400000193,0
206,1.9817352294921875,2.795432999988634,10.607719421386719,10.354544999998438,136.19017601013184,244.25907399999858,61.17963790893555,98.49362799999994,0
207,0.8263587951660156,1.161685999989004,3.6745071411132812,4.474643999998307,135.4377269744873,247.08099800000127,58.22467803955078,91.283384999997,0
208,1.2743473052978516,2.1651790000021265,9.474515914916992,9.828451999993604,155.63631057739258,256.5492330000012,61.19370460510254,111.92123099999662,0
209,0.705718994140625,1.0457669999937025,3.072977066040039,3.6606339999991633,137.27998733520508,158.7178300000005,62.125444412231445,184.42363299999442,0
210,0.6997585296630859,1.0345179999973197,5.583286285400391,5.964951999999357,142.26484298706055,258.7004159999964,56.80537223815918,91.549938,0
211,2.117633819580078,2.9565520000005563,3.634214401245117,3.789671999996358,144.99187469482422,260.03672999999594,59.572458267211914,100.25136400000179,0
212,2.0439624786376953,3.0135599999994156,8.359909057617188,9.20709200001113,157.79352188110352,282.8443020000009,60.356855392456055,98.40374999998858,0
213,0.8473396301269531,1.3494410000021162,5.001068115234375,5.492379000003211,254.73260879516602,455.0431580000094,100.44455528259277,167.7426929999939,0
214,2.5844573974609375,3.7577340000041204,10.149002075195312,11.126113000003102,169.87133026123047,298.46429500000227,65.98639488220215,105.74740500000246,0
215,3.8623809814453125,6.376432999999793,5.273342132568359,6.30029500000262,143.91517639160156,262.5524689999992,58.905601501464844,90.87885599998913,0
216,1.9173622131347656,2.6994830000006687,7.170438766479492,7.042807000004814,139.65344429016113,250.8116430000058,68.04537773132324,104.80060200001162,0
217,2.1736621856689453,3.727185000002464,8.852958679199219,7.113782000004676,160.46142578125,287.6411900000022,56.93244934082031,93.13618699999893,0
218,0.9839534759521484,1.6264960000000883,5.96165657043457,6.41637400001116,139.88399505615234,251.35220499998923,67.48747825622559,112.52968100001226,0
219,1.9350051879882812,2.7461670000121785,4.282236099243164,4.431261999997105,139.0528678894043,252.83903900000837,60.0893497467041,96.06594800000323,0
220,0.8540153503417969,1.0748640000031173,6.473064422607422,6.784662000001163,139.30916786193848,251.82121699999982,57.631731033325195,91.62786200000994,0
221,0.9782314300537109,1.6224470000025804,3.564119338989258,4.115087000002404,143.04614067077637,255.72551499999463,59.85569953918457,95.10391500000992,0
222,1.3918876647949219,2.3879020000094897,5.861520767211914,6.222905000001333,137.86673545837402,247.711086999999,60.39738655090332,96.08682900000076,0
223,0.7185935974121094,0.6659499999983609,5.19871711730957,5.663139999995792,137.38155364990234,244.50167899999542,61.29050254821777,97.00481800000205,0
224,0.8721351623535156,1.3610430000028373,9.345531463623047,9.683198999994147,181.23722076416016,178.68019000000857,62.17527389526367,245.9713679999993,0
225,0.7143020629882812,1.0526009999978214,3.8025379180908203,4.341590999999312,136.18040084838867,242.2465869999968,57.52968788146973,95.03428899999733,0
226,2.023935317993164,2.799605999996402,7.084131240844727,7.015834000000609,227.34713554382324,346.84498500000416,102.17595100402832,91.81827700000156,0
227,0.7987022399902344,1.2070159999950647,5.240201950073242,5.66404100000284,135.66279411315918,205.3858599999927,57.66773223876953,130.25501599999245,0
228,1.9528865814208984,2.7595780000098102,26.021957397460938,24.509187000006705,139.69850540161133,204.49371899999846,58.80475044250488,139.7858699999972,0
229,1.9977092742919922,2.8461720000052537,6.478071212768555,7.258680999996159,139.8751735687256,255.04230699999653,59.69071388244629,90.55246200000511,0
230,0.7231235504150391,0.6699079999918922,6.844758987426758,6.8122339999945325,142.17281341552734,223.04301100000146,56.23793601989746,124.07778899999755,0
231,1.8472671508789062,2.827181000000678,5.83195686340332,6.254680000012058,134.9942684173584,214.575520000011,55.6943416595459,118.07496100000492,0
232,0.7073879241943359,1.088733000003117,5.564451217651367,5.954091000006656,149.57427978515625,234.23980300000835,57.465314865112305,128.0672300000134,0
233,0.83160400390625,0.7686000000006743,5.4931640625,5.640671999998403,138.5331153869629,226.6183649999931,59.725046157836914,117.81621899999095,0
234,1.7130374908447266,2.514124000001061,6.774663925170898,7.408420999993837,142.62771606445312,186.63320000000283,61.888694763183594,170.90873399999396,0
235,1.4808177947998047,2.3707240000021557,4.038810729980469,4.383058000001938,140.1839256286621,253.21047200000635,62.029123306274414,95.38394600001254,0
236,0.7612705230712891,1.1216930000017555,5.724906921386719,6.231834999994135,139.36281204223633,248.2226429999912,62.64972686767578,100.9329410000106,0
237,1.9397735595703125,2.752567999991129,4.845380783081055,8.236449999998285,138.52310180664062,252.427419,59.76152420043945,90.74739199999726,0
238,1.3041496276855469,1.6354839999905835,10.841846466064453,11.276226000006773,145.8911895751953,265.04767500000526,61.556339263916016,95.29432699999063,0
239,1.3499259948730469,1.9465830000058304,4.708051681518555,7.114865000005466,151.2458324432373,272.03182899999945,71.8386173248291,115.82375000000411,0
240,0.9298324584960938,1.3312699999943334,10.354042053222656,10.563779000008822,140.16270637512207,255.52503699999818,59.08918380737305,91.0971020000062,0
241,1.9521713256835938,2.7829240000016853,4.695892333984375,5.587106999996649,140.4736042022705,255.42593599999464,57.822465896606445,91.77353100000119,0
242,1.9135475158691406,2.725449999999796,7.404088973999023,7.3261149999979125,136.627197265625,248.3670590000031,67.61980056762695,99.79944399999852,0
243,3.159761428833008,4.482594999998923,5.458354949951172,6.30515999999659,150.15578269958496,269.91468399999974,61.71560287475586,93.06670099999792,0
244,0.8478164672851562,1.2945499999972299,5.548715591430664,5.929507000004719,135.15400886535645,247.36767800000337,16.057968139648438,25.198173999996243,0
245,0.49042701721191406,5.255298999998104,2.31170654296875,4.312510999994856,160.37321090698242,151.1262949999974,62.52908706665039,234.23224399999754,0
246,2.0189285278320312,2.796974000006003,7.139444351196289,7.069021999996039,213.40250968933105,371.5513229999914,59.08775329589844,109.11455999999475,0
247,0.7450580596923828,1.120797999988099,4.725933074951172,5.189469000001168,139.0695571899414,235.50876799998832,57.78622627258301,107.54050299999562,0
248,1.3470649719238281,2.129091999989896,7.966041564941406,8.164883999995709,138.7038230895996,243.8448009999945,65.52672386169434,105.3047179999993,0
249,0.7307529449462891,0.6757100000100991,3.350973129272461,3.8374650000037036,165.92717170715332,275.704091999998,62.13045120239258,121.75439800000731,0
250,1.1534690856933594,1.817513000005988,8.883476257324219,9.538779999999747,137.96687126159668,132.49526799999956,57.87158012390137,207.24208000000033,0
251,1.8913745880126953,2.684204999994222,6.348133087158203,7.1014789999992445,138.11373710632324,252.93292299998882,61.014413833618164,91.90682300000219,0
252,1.0287761688232422,1.3566460000049574,6.439208984375,6.761318999991772,133.6231231689453,235.70708199999046,62.80183792114258,102.92782700000203,0
253,1.9087791442871094,2.713286000002313,3.880739212036133,3.667641000006938,135.8628273010254,125.87056400001018,59.77749824523926,214.09412700000985,0
254,1.4748573303222656,1.5134450000005018,6.783485412597656,7.304891999993401,136.37113571166992,125.88586500000076,60.7757568359375,215.33157799999003,0
255,0.7352828979492188,1.0795750000056614,4.591464996337891,4.182323000009092,141.0994529724121,254.261654000004,62.89052963256836,94.39516200001208,0
256,2.1712779998779297,1.8842300000017076,7.3757171630859375,7.571880000000419,142.4117088317871,259.8573190000053,62.33382225036621,93.5853619999989,0
257,2.0151138305664062,2.8626410000072156,3.5429000854492188,4.061366999991378,130.37633895874023,128.72808200000918,59.441328048706055,200.58314099999563,0
258,1.901865005493164,2.6881210000055944,7.369041442871094,7.027019999995332,135.6673240661621,243.180731999999,59.368133544921875,97.27038200000493,0
259,0.7028579711914062,0.6511210000041956,3.925800323486328,4.237998999997217,143.68391036987305,254.71945300000698,63.963890075683594,104.95411700000545,0
260,1.4865398406982422,2.552209000000971,7.2574615478515625,6.283127000003219,147.30310440063477,267.7485339999919,61.35869026184082,95.12861400000361,0
261,1.7871856689453125,1.7247380000071644,4.891157150268555,5.751562999989801,137.47644424438477,248.4829160000004,58.85791778564453,95.69469000000197,0
262,1.7015933990478516,1.624130000010382,6.295204162597656,6.532040999999822,142.59672164916992,253.86357599998632,89.93339538574219,129.9584309999915,0
263,2.0952224731445312,3.0246000000033746,10.035276412963867,13.427675000002637,212.2342586517334,377.3011849999932,62.50905990600586,103.15490199999999,0
264,0.7066726684570312,1.0370119999976168,5.751132965087891,6.122048999998242,142.47560501098633,215.92696699998726,65.28854370117188,140.71707099999742,0
265,1.981496810913086,2.7947590000110267,4.419088363647461,4.795977000000562,143.54681968688965,174.95161700000494,62.71672248840332,177.8948780000036,0
266,1.531839370727539,1.90588699999239,9.147405624389648,10.205958000000237,140.0761604309082,256.57245800000794,61.44070625305176,91.5236259999972,0
267,0.7226467132568359,1.065117999999643,3.1354427337646484,3.7219470000025012,146.95310592651367,261.9999319999948,62.19625473022461,101.9891189999953,0
268,0.7028579711914062,1.0538509999946655,7.33494758605957,7.589752999990651,146.55494689941406,259.274927000007,65.70720672607422,107.84729899999945,0
269,2.115488052368164,2.903944999999908,3.3822059631347656,3.9436830000028067,158.10656547546387,276.74009800000476,59.44085121154785,103.57473599999878,0
270,1.7235279083251953,2.976648000000637,7.338285446166992,7.652753999991546,140.5928134918213,251.09803700000555,53.913116455078125,90.54481699999428,0
271,0.5445480346679688,0.4978219999998146,1.7631053924560547,2.6331469999973933,138.1525993347168,246.8945600000012,64.78118896484375,103.69945600000108,0
272,3.187417984008789,4.590402999994581,9.66787338256836,10.478967000011608,151.8247127532959,268.05681500000844,69.72265243530273,112.55541399999913,0
273,0.7925033569335938,0.9906849999907763,4.033088684082031,4.585663000000295,161.6232395172119,288.5390480000041,74.7828483581543,120.50503400000423,0
274,1.5940666198730469,2.4761720000014975,7.323503494262695,7.560440999995421,164.0799045562744,207.822041,63.12751770019531,183.25852400000997,0
275,0.7853507995605469,1.1884210000090434,4.246711730957031,4.7451330000001235,140.6090259552002,257.9486750000086,59.87691879272461,91.21361600000455,0
276,0.5598068237304688,0.8044490000003179,6.317377090454102,6.685622999995644,139.80340957641602,254.1358999999943,73.84705543518066,102.15322399999138,0
277,3.1244754791259766,4.527415999987738,6.388187408447266,8.131640000001994,146.31915092468262,262.52441799999815,60.09030342102051,98.31175600000108,0
278,0.8902549743652344,1.2954219999983252,7.517337799072266,8.050854999993362,140.3830051422119,247.49491100000398,61.768531799316406,104.05315200000587,0
279,0.9157657623291016,1.3630069999948091,4.704475402832031,5.548794000006296,158.11848640441895,280.62022899999306,97.44977951049805,156.67087399999957,0
280,1.2583732604980469,1.1524330000014515,8.481025695800781,8.386643999998,137.07709312438965,126.54165900001146,66.64752960205078,225.24674900000718,0
281,1.7955303192138672,2.053289000002678,5.3005218505859375,6.455818000006275,158.4012508392334,275.9129070000057,59.97610092163086,99.12675600000398,0
282,0.7152557373046875,0.6629310000079158,8.823633193969727,9.936856999999577,142.95458793640137,256.015251000008,62.31188774108887,101.30491099999972,0
283,0.9853839874267578,1.6390349999966247,3.0426979064941406,3.6826040000050853,147.51935005187988,234.57713300000194,60.00971794128418,127.3053740000023,0
284,0.8373260498046875,1.218519000005358,5.97381591796875,6.34254000000567,139.1160488128662,153.89788199999543,60.99867820739746,190.89442399999257,0
285,0.7421970367431641,0.6874150000015788,4.524707794189453,4.674475000001621,143.7690258026123,262.6801279999995,61.59210205078125,93.3604680000002,0
286,2.6242733001708984,3.9123460000070054,11.02757453918457,12.543121000007318,144.6671485900879,259.23772299999825,65.17815589904785,102.5633240000019,0
287,1.9495487213134766,3.259811000006607,4.946470260620117,5.803565999997318,190.03915786743164,245.56878599999266,27.345895767211914,25.247961999994573,0
288,1.4164447784423828,127.46298999999794,2.7036666870117188,2.4977700000050618,61.438798904418945,56.71990899999457,19.214153289794922,17.741405000009536,0
289,0.28514862060546875,0.2637099999986958,1.7805099487304688,81.20352400000286,146.93832397460938,249.63080099999502,66.19620323181152,127.02532100000496,0
290,0.6330013275146484,0.8458460000042578,4.166364669799805,4.545800000002487,157.01866149902344,285.6968110000082,64.20493125915527,97.39050599999644,0
291,1.3937950134277344,2.3582989999937354,4.774808883666992,5.515713000008304,138.69619369506836,227.0726449999927,63.99941444396973,122.00097900000628,0
292,1.0132789611816406,1.4881289999948422,7.451772689819336,8.078998999991427,139.04261589050293,220.85208999999395,60.03880500793457,123.96646299998793,0
293,0.7393360137939453,1.132630000000745,5.518198013305664,5.911163999996916,235.07022857666016,427.4930569999924,91.06945991516113,148.28554500000735,0
294,1.9764900207519531,2.825833000002831,9.415864944458008,9.425020999998424,231.72450065612793,266.806662999997,63.968658447265625,255.4554169999932,0
295,0.9543895721435547,1.18396999999959,6.140232086181641,6.224373000009109,143.2483196258545,261.4049830000056,62.30449676513672,93.8021219999996,0
296,2.0170211791992188,2.8032719999941946,7.34257698059082,7.35193100000231,140.49339294433594,249.82167499999264,61.12790107727051,100.17710600000385,0
297,1.7995834350585938,2.596634999989078,5.26881217956543,5.304066999997303,141.5266990661621,256.39255900000535,62.01457977294922,95.7092970000133,0
298,0.7607936859130859,1.1702989999946567,6.043910980224609,6.462326999994161,151.17573738098145,217.57837099998767,75.71053504943848,165.21249399998794,0
299,2.7129650115966797,4.386643000003687,4.808187484741211,6.02855800001123,145.80154418945312,142.50405599999283,63.6744499206543,218.16897799999424,0
300,0.8373260498046875,1.1709240000072896,6.707191467285156,7.003464999996822,173.18224906921387,312.34990600000856,69.76819038391113,107.0022090000009,0
301,0.9489059448242188,1.3574689999984457,6.460428237915039,6.877142000007552,144.0436840057373,261.9713180000076,57.648658752441406,89.86546900000292,0
302,0.9412765502929688,1.5306989999999132,8.343696594238281,6.8308840000099735,146.9419002532959,246.5615229999969,59.67998504638672,112.9438309999955,0
303,0.6964206695556641,1.0911990000010974,3.9987564086914062,4.676848000002565,144.10018920898438,143.2096359999946,58.33601951599121,208.56492699999762,0
304,2.328634262084961,3.093555999996056,10.77127456665039,12.026523999992378,151.8993377685547,276.14382800000215,70.2981948852539,103.93952699999431,0
305,1.7266273498535156,2.8924200000091105,5.917072296142578,6.685271999998577,142.8091526031494,253.67570100000592,60.132741928100586,98.90255999999908,0
306,0.4851818084716797,0.6990459999940413,5.834341049194336,6.1973430000108465,163.0253791809082,299.10818999999833,59.76223945617676,91.44225699999708,0
307,0.8075237274169922,1.0105060000000776,3.881692886352539,4.414453999999068,166.72587394714355,300.89821400000005,103.99889945983887,160.48297100000752,0
308,2.633333206176758,3.552744000003827,12.759685516357422,14.49716899999487,150.84338188171387,271.0649290000049,66.82133674621582,104.23128600000098,0
309,0.9703636169433594,1.5184399999981224,4.505634307861328,4.990871000003949,146.26431465148926,259.51007199999765,66.79749488830566,108.75663400000235,0
310,2.812623977661133,3.667315000001281,9.873628616333008,10.508622000003243,149.5964527130127,263.5458610000114,56.70595169067383,98.01707600000498,0
311,1.0862350463867188,1.8105519999949138,5.449533462524414,4.995871999994961,140.2606964111328,243.02730099999792,57.79576301574707,97.27883700000461,0
312,1.3051033020019531,2.1711010000018405,7.893800735473633,8.173980999998776,138.3979320526123,242.97942999999123,64.46170806884766,106.36863100000937,0
313,2.292633056640625,3.201936000010619,6.906986236572266,9.481279999988601,151.0915756225586,269.02057099999865,61.247825622558594,99.9942520000019,0
314,1.9421577453613281,2.7717789999996967,8.560657501220703,8.42752700000915,134.31429862976074,123.98754900000597,58.217525482177734,211.0629790000047,0
315,1.4882087707519531,2.551537000002213,5.0811767578125,5.548431000008236,141.2656307220459,250.305608000005,70.79863548278809,110.75252300000216,0
316,0.9489059448242188,1.543760000004113,6.715536117553711,7.083727000008366,136.9304656982422,242.22972900000173,60.146331787109375,100.028389000002,0
317,2.138853073120117,3.0318490000098564,4.24647331237793,4.454992000006541,136.23499870300293,242.9278239999917,65.90700149536133,106.41555500001232,0
318,2.034902572631836,2.702475999996068,9.028196334838867,10.357804000022952,145.01309394836426,263.2202570000004,60.81843376159668,94.89635200000635,0
319,1.1258125305175781,1.7578819999926054,3.971576690673828,4.768984000008913,139.49918746948242,253.10398299998838,61.13839149475098,93.59591100002262,0
320,2.270221710205078,2.978880000000572,6.847143173217773,6.753596999999445,194.65923309326172,319.09357199998567,59.09299850463867,126.02405699999508,0
321,0.7092952728271484,1.0446539999975357,3.4668445587158203,4.274744999975155,138.11445236206055,143.9190150000229,61.63978576660156,199.65718299999935,0
322,1.995086669921875,2.776119999992943,7.223844528198242,7.87167200002159,137.26139068603516,244.35458700000368,64.70894813537598,101.45375700000159,0
323,1.2118816375732422,1.8927499999961128,3.7946701049804688,4.644162000005281,155.15685081481934,274.0473380000026,63.017845153808594,101.54460600000448,0
324,1.9500255584716797,2.7882029999943825,7.647037506103516,8.150952999983474,140.22040367126465,129.4386700000132,59.4325065612793,215.95105000000103,0
325,1.9752979278564453,2.8337189999945167,6.23631477355957,6.274300000001176,192.83390045166016,341.07118599999353,56.09774589538574,99.72430499999518,0
326,1.926422119140625,2.7330089999964002,9.357213973999023,12.220418999987714,370.0249195098877,671.5269020000108,64.50271606445312,103.83527299998718,0
327,0.7920265197753906,1.1439339999981257,8.358001708984375,8.531899000018939,150.35557746887207,269.2678949999845,57.7547550201416,94.08363599999348,0
328,2.0711421966552734,2.9111999999997806,7.978916168212891,8.938009000019065,144.79494094848633,210.24370300000328,58.50338935852051,142.80849800002215,0
329,1.9068717956542969,2.4066969999978483,5.993843078613281,9.039035000000695,170.52340507507324,233.26601099998356,58.507680892944336,164.90330799999242,0
330,1.7652511596679688,2.5607819999891035,7.175922393798828,7.868093000013232,266.8137550354004,481.3738649999948,59.7078800201416,97.994381999996,0
331,0.7166862487792969,1.0928730000046016,3.7736892700195312,4.348905999989938,177.05678939819336,293.0620559999966,64.79239463806152,126.61378699999659,0
332,1.1022090911865234,1.635190000001785,8.941411972045898,9.720125999990614,146.9414234161377,261.9365140000127,76.65300369262695,121.79972399999883,0
333,1.1518001556396484,1.0668890000147258,7.274627685546875,7.514474999993581,171.30708694458008,226.97437700000478,79.71405982971191,214.91085399998155,0
334,1.664876937866211,2.490171000005148,9.265422821044922,8.969997999997759,98.72198104858398,177.3286119999966,17.489194869995117,26.519243999985065,0
335,0.4239082336425781,7.52765600000771,1.8360614776611328,3.492034000004196,55.36484718322754,93.70247500001483,17.7457332611084,37.193184000017254,0
336,0.33283233642578125,0.3077169999983198,2.8200149536132812,2.6043839999942975,59.507131576538086,106.56352499998434,19.766807556152344,39.134106000005886,0
337,0.4239082336425781,0.39529299999685463,10.56218147277832,24.442427999986194,161.60082817077637,290.5063499999869,63.170671463012695,103.66784000001417,0
338,1.4221668243408203,1.858383000012509,9.719610214233398,10.313053000004402,154.50286865234375,281.9540659999973,63.54665756225586,93.43762499997865,0
339,1.8880367279052734,2.6769199999989723,3.7529468536376953,3.966776999988042,137.90035247802734,196.56556999998998,58.11357498168945,142.84958200002507,0
340,1.750946044921875,2.55254300000729,7.267475128173828,7.865320000007614,142.95005798339844,254.06536599999185,57.72757530212402,97.72357299999612,0
341,0.7596015930175781,1.1461340000096243,3.82232666015625,4.623166000015999,143.9061164855957,254.80961299999194,64.56542015075684,104.9278309999977,0
342,3.7462711334228516,5.029309999997622,10.457277297973633,11.220621000006759,142.3642635345459,131.41845199999125,58.44855308532715,218.12977900000874,0
343,1.7898082733154297,2.7212429999963206,3.447294235229492,4.384617999988905,143.79572868347168,254.06926199997315,63.45939636230469,105.1979309999922,0
344,2.2890567779541016,3.2510800000125073,7.3757171630859375,10.221392999994805,147.30024337768555,269.0164930000094,60.14537811279297,92.60609800000452,0
345,3.2405853271484375,4.693459999998595,6.168365478515625,6.461209000008239,155.76481819152832,235.38668099999427,67.99054145812988,149.9452160000203,0
346,2.977609634399414,4.290346000004774,21.01755142211914,20.06542799998101,152.24123001098633,269.69327599999815,96.30179405212402,139.49865199998612,0
347,1.1448860168457031,1.5636770000071465,6.293535232543945,7.21259299999133,142.7757740020752,225.7687130000079,59.80730056762695,123.63102099999423,0
348,0.782012939453125,1.2084720000018478,6.521940231323242,6.832716000019445,146.4862823486328,234.68690199999287,57.91163444519043,118.87136600000758,0
349,0.9720325469970703,1.5958029999865175,2.991914749145508,3.593762999997807,139.21451568603516,224.78025000000912,59.851646423339844,118.22173999999563,0
350,1.9648075103759766,2.798335999983692,11.990070343017578,14.172741000010092,153.02610397338867,276.7869219999852,59.28993225097656,93.9215049999973,0
351,1.0027885437011719,1.5085230000124739,6.373167037963867,6.903285999982245,139.02735710144043,214.99019500001282,59.85522270202637,129.76467400000047,0
352,0.8175373077392578,1.2431220000053145,8.572578430175781,9.651970999982495,135.30898094177246,161.61384400001566,57.346343994140625,179.0560009999922,0
353,0.7696151733398438,1.1974760000157403,7.94672966003418,9.06569699998272,151.00336074829102,265.4163610000069,66.23435020446777,105.28217600000289,0
354,1.1165142059326172,1.7604449999737426,9.037017822265625,9.163424999997005,145.96199989318848,261.77622299999825,57.23428726196289,92.39495099998862,0
355,1.9145011901855469,2.722446999996464,4.295587539672852,5.1713480000046275,151.25465393066406,272.20106699999747,61.90013885498047,95.72759600001746,0
356,0.6742477416992188,0.9934889999954066,5.659341812133789,6.036364000010508,139.0380859375,248.331018000016,61.21182441711426,97.2701270000016,0
357,0.8294582366943359,1.2811759999920014,3.2689571380615234,3.846774999999525,145.41172981262207,184.97954899999058,61.155080795288086,172.44087299999933,0
358,0.698089599609375,1.0224509999829934,5.915403366088867,6.27466199998139,149.00755882263184,239.98666500000354,59.49568748474121,121.45727800000827,0
359,0.8494853973388672,1.2689950000037697,4.212141036987305,4.720109999993838,192.57402420043945,344.18626900000504,95.75891494750977,152.88089999998533,0
360,1.4345645904541016,2.0860820000052627,10.979652404785156,11.769081000011283,199.07498359680176,269.12130499999876,61.77163124084473,185.24459299999307,0
361,0.8215904235839844,1.2295349999931204,4.72712516784668,5.355377999990196,179.86202239990234,201.73590999999647,56.578636169433594,212.2210659999837,0
362,0.67901611328125,1.0069079999937003,5.929470062255859,6.285731000019723,138.34905624389648,126.7459590000044,67.97289848327637,222.8730679999842,0
363,0.9412765502929688,1.4306639999972504,8.022785186767578,7.061197000012953,153.87415885925293,153.28834799998958,58.0286979675293,214.21844899998632,0
364,0.9043216705322266,1.4385530000140534,9.397029876708984,9.51411200000507,136.79051399230957,248.44089399999802,60.49919128417969,92.35830400001532,0
365,2.452850341796875,3.195548000007875,6.278276443481445,7.084191000018336,144.35148239135742,261.5582469999822,62.73078918457031,94.44227399998795,0
366,0.6814002990722656,1.0109950000014578,6.026983261108398,6.386273000003939,139.24121856689453,219.24990699997693,58.9902400970459,124.09987999998862,0
367,0.7357597351074219,0.9660179999855245,4.033565521240234,4.549417000021094,136.93523406982422,126.40769899999782,59.7226619720459,212.9122949999953,0
368,1.8312931060791016,2.675070999998752,6.478071212768555,7.0229680000011285,138.02075386047363,249.73355800000263,71.35295867919922,102.88056799998913,0
369,1.3477802276611328,2.19512000001032,5.968570709228516,6.852018000017779,166.05544090270996,295.36114000001135,68.5720443725586,108.09530299999892,0
370,1.3194084167480469,2.1220209999910367,9.24539566040039,9.867838000019447,151.97181701660156,192.70356199999128,56.73408508300781,173.0321900000149,0
371,1.6629695892333984,2.4749359999987064,6.9789886474609375,6.956081999987873,164.0942096710205,296.8655060000174,68.6349868774414,104.56041199998367,0
372,2.402782440185547,3.5652549999838357,11.418581008911133,13.443609999995942,184.525728225708,308.3893259999968,78.24134826660156,149.1266259999975,0
373,0.9686946868896484,1.487451000002693,4.408121109008789,5.458970000006502,145.08342742919922,264.9749159999999,90.80028533935547,150.02529299999878,0
374,1.6620159149169922,2.529262999985349,7.097721099853516,9.812367999984417,293.96986961364746,530.5952440000112,60.48321723937988,98.66715399999748,0
375,1.9445419311523438,2.728319999988571,4.441738128662109,5.067638999975088,233.00862312316895,425.37774699999886,59.90958213806152,94.54369299999144,0
376,1.6758441925048828,2.485006000000567,7.957935333251953,8.552396999988332,191.94602966308594,350.24526799998057,60.38618087768555,93.33101500001817,0
377,0.919342041015625,1.2730990000022757,4.584789276123047,5.045531000007486,139.74833488464355,253.61340800000676,60.14060974121094,94.53741100000457,0
378,2.5360584259033203,3.9235700000119778,10.076522827148438,11.50815099998681,140.17701148986816,256.7471669999861,58.36319923400879,90.02081500000259,0
379,1.9009113311767578,2.6869159999876047,4.577398300170898,5.44270900002175,138.12756538391113,244.42217099999652,59.526681900024414,101.42332699999201,0
380,1.6608238220214844,2.4824299999863797,7.743597030639648,7.573577000016485,141.07918739318848,254.70556700000202,67.28720664978027,101.17667100001881,0
381,1.3608932495117188,1.4711940000040613,4.136800765991211,4.90064899997833,136.63315773010254,242.32460500002162,62.45565414428711,102.29586399998425,0
382,1.2331008911132812,1.3238770000043587,10.492801666259766,11.078566000009005,181.43773078918457,326.2267140000006,55.70101737976074,90.0775709999948,0
383,1.4379024505615234,2.0721730000161642,4.684925079345703,7.582810999991807,169.03257369995117,270.4422379999869,59.06271934509277,125.88981800001875,0
384,0.86212158203125,1.3693470000077923,6.319284439086914,7.024107999995977,185.75525283813477,331.6447939999989,60.48941612243652,101.94349200000374,0
385,1.9383430480957031,2.731210999996847,5.298376083374023,5.6476450000104705,139.05763626098633,254.8022390000142,57.25407600402832,88.1603729999938,0
386,0.9145736694335938,1.3134209999918767,5.567312240600586,5.955438999990292,135.79297065734863,242.78027600001906,64.42451477050781,100.96235200001047,0
387,0.7708072662353516,1.1084079999932328,3.177165985107422,3.757243000023891,143.81670951843262,261.24607299999525,60.463666915893555,93.97799800001394,0
388,1.4674663543701172,2.3169039999970664,7.023811340332031,7.21851400001583,149.2331027984619,267.6997140000026,63.077449798583984,102.14808099999573,0
389,1.2259483337402344,2.087359000000788,4.436969757080078,4.924913999985847,164.76941108703613,299.74774699999784,62.6988410949707,91.21771400000966,0
390,0.6833076477050781,1.0655220000046484,7.364511489868164,7.608361999984936,140.6254768371582,252.36021099999562,59.02886390686035,95.4166100000009,0
391,1.608133316040039,2.2502049999957308,6.768703460693359,7.827678000012384,139.69898223876953,246.1532560000137,63.744306564331055,104.39141900002369,0
392,2.837657928466797,4.198584999983268,10.436296463012695,11.98602300001994,140.8405303955078,255.45259199998327,60.77003479003906,91.96881900001586,0
393,0.7579326629638672,1.1680270000056225,4.736661911010742,5.196905000019569,138.28563690185547,251.4377009999862,59.38863754272461,92.8143680000062,0
394,1.9273757934570312,2.713694999982863,7.31968879699707,7.963221000011345,168.11347007751465,307.97493400001485,90.1188850402832,133.96020199999725,0
395,1.3537406921386719,2.173419000001786,4.179716110229492,6.701650999985986,150.99501609802246,264.7286740000254,58.577775955200195,98.67347599998766,0
396,0.7424354553222656,1.0984379999854355,7.358074188232422,7.886348999988968,138.14878463745117,243.34090899998273,57.033538818359375,95.48641199998542,0
397,2.735137939453125,4.402566999999635,5.265474319458008,6.2275999999883425,165.5426025390625,270.946844000008,55.70077896118164,118.4693369999934,0
398,2.088785171508789,2.887689999994336,7.128238677978516,7.221322000020791,135.19573211669922,219.7015290000195,56.294918060302734,114.45316999999022,0
399,1.9576549530029297,2.7661350000016682,3.7546157836914062,3.993185000013,142.9007053375244,244.3064379999953,56.80727958679199,105.62645699999962,0
400,2.254009246826172,3.169592000006105,7.95435905456543,8.876640000011093,144.10901069641113,250.16865500001018,65.44137001037598,115.56221300000402,0
401,0.6158351898193359,0.9283699999969031,3.1316280364990234,3.842429000002312,145.1284885406494,252.29210399999147,69.45443153381348,120.01629700000649,0
402,1.1990070343017578,1.8403130000024248,9.339570999145508,9.992321999988008,145.83969116210938,191.8243709999956,60.54091453552246,165.8833399999935,0
403,0.9398460388183594,1.4349960000004103,4.982948303222656,5.831043999990015,163.37156295776367,293.8454560000139,58.85624885559082,92.27494499998556,0
404,1.7993450164794922,2.7803410000046824,7.813930511474609,7.664484000002858,144.92416381835938,264.42935999997985,61.72680854797363,95.22291500002211,0
405,0.7238388061523438,1.102457999991202,4.004240036010742,4.520822000017688,159.1322422027588,281.24025500000016,57.482004165649414,89.39710800001421,0
406,2.616405487060547,4.635743999983788,6.138324737548828,6.602923999992072,148.3304500579834,262.85883200000626,56.50901794433594,97.71893400002796,0
407,1.6617774963378906,2.9722049999918454,4.816770553588867,5.253816999982064,135.6668472290039,244.88684199999966,57.1291446685791,92.27360799999929,0
408,2.0020008087158203,2.805128000005652,6.674051284790039,7.293279000009534,135.1640224456787,247.1813840000152,57.95145034790039,90.54650699999911,0
409,1.1036396026611328,1.5694120000091516,4.555702209472656,5.08329799998819,151.62277221679688,277.9184579999878,57.5103759765625,90.0554020000186,0
410,1.875162124633789,2.666804000000411,8.952856063842773,9.435607000000346,141.68858528137207,136.14652100000058,59.19218063354492,214.2046589999893,0
411,0.6930828094482422,1.086407999991934,3.1583309173583984,3.6667109999939385,143.90039443969727,243.2943949999924,57.453155517578125,96.24859000001607,0
412,0.751495361328125,1.1127650000162248,6.063938140869141,6.69027899999719,139.81342315673828,248.42160000000035,57.70683288574219,98.02048900002092,0
413,0.7159709930419922,1.1161109999875407,3.7834644317626953,4.668522000002895,189.85223770141602,338.53187800002615,73.76718521118164,122.12687100000608,0
414,1.99127197265625,3.345260999992661,10.187625885009766,10.664352000020472,163.54703903198242,288.8715929999819,101.66668891906738,181.3129409999874,0
415,1.3720989227294922,2.3405289999800516,3.1974315643310547,3.779317999999421,163.8782024383545,291.60451100000273,57.58213996887207,97.26389799999424,0
416,1.528024673461914,2.6272200000221346,6.163597106933594,6.486742000021195,257.2917938232422,469.1937509999775,57.39760398864746,89.63988400000744,0
417,1.2900829315185547,2.0195450000244364,4.226922988891602,4.728999999997541,178.18784713745117,224.67224400000418,56.0002326965332,190.1517470000158,0
418,1.1296272277832031,1.8943280000200957,5.633831024169922,6.013048999989223,236.6471290588379,424.69178199999646,65.1249885559082,106.13445199999205,0
419,2.9337406158447266,3.817703000009942,10.33163070678711,10.133566999996901,150.57039260864258,272.85845899999117,65.92369079589844,96.43375799998921,0
420,1.0721683502197266,1.6908409999984997,9.839057922363281,10.644276999983049,146.34203910827637,257.95487099998127,59.31711196899414,99.67487899999128,0
421,0.8478164672851562,1.3420379999899978,5.168437957763672,5.621082000004662,140.48147201538086,242.51615599999354,61.1727237701416,102.28085300002476,0
422,3.286600112915039,4.369510999993054,10.465145111083984,10.390432000008332,141.4012908935547,247.26399700000457,57.06524848937988,98.42910699998697,0
423,0.7576942443847656,1.127144000008684,3.0961036682128906,3.68568400000413,148.8041877746582,268.29895700001316,59.86285209655762,97.42307000001915,0
424,1.2485980987548828,2.030627999999979,10.076284408569336,10.612991000016336,145.54882049560547,261.2090459999763,57.09123611450195,95.3688609999972,0
425,0.7157325744628906,1.1047270000119624,4.62651252746582,5.1256270000124005,138.8242244720459,251.70417600000405,58.26401710510254,91.66433799998686,0
426,1.9748210906982422,2.7662130000010166,8.917570114135742,9.320786000017733,139.63723182678223,247.53486800000246,59.784650802612305,99.29087399999048,0
427,0.9436607360839844,1.5612539999949604,6.532430648803711,7.063764999998057,139.31727409362793,242.51428400000918,59.14115905761719,102.24197700000559,0
428,1.9767284393310547,2.7647449999790297,7.503032684326172,8.302216999993561,146.91424369812012,258.0854919999922,60.92119216918945,103.50146900000823,0
429,2.391815185546875,3.357847000017955,12.44664192199707,12.289092000003166,145.39480209350586,260.4543379999882,60.48083305358887,95.94161399999734,0
430,2.918243408203125,4.240277999997488,10.027885437011719,10.350829999993039,164.8240089416504,296.95363700000144,62.30735778808594,96.70690900000523,0
431,1.6562938690185547,2.3973819999980606,5.24592399597168,6.616135999991002,141.28971099853516,248.64463000000114,60.51373481750488,101.284923999998,0
432,2.1638870239257812,2.8750849999994443,9.268045425415039,9.142556000000468,145.371675491333,264.1168340000206,95.66950798034668,156.9732570000042,0
433,4.377603530883789,5.112400999990996,7.439374923706055,7.2956240000223715,156.6309928894043,282.7993690000028,61.705827713012695,95.45748200000048,0
434,0.7565021514892578,1.1016649999930905,8.86845588684082,9.0068470000233,157.01842308044434,280.75474199999917,64.66007232666016,99.6176199999752,0
435,2.009153366088867,2.839932999989969,4.026651382446289,4.52206799999999,157.73510932922363,284.176494999997,87.29004859924316,133.5776709999834,0
436,2.6557445526123047,3.8386269999932665,11.583328247070312,11.340657999994619,137.96639442443848,246.5088259999959,57.30128288269043,94.2404799999963,0
437,2.180814743041992,3.08539499999938,4.544734954833984,5.399106999988135,141.17002487182617,252.1254770000212,65.9172534942627,104.65705100000378,0
438,0.7457733154296875,1.1461240000016915,5.9833526611328125,6.361081999983753,151.75676345825195,218.8508010000021,58.765411376953125,146.29149900000016,0
439,2.2084712982177734,2.981871999992336,4.3888092041015625,5.645858999997699,144.89984512329102,256.6352909999807,69.44727897644043,107.23075799998583,0
440,2.8574466705322266,4.17827700002249,10.421276092529297,10.717274999990423,151.38506889343262,269.204961000014,58.435916900634766,93.94813599999452,0
441,1.7228126525878906,2.530585000016572,4.492759704589844,5.650748000022077,144.08302307128906,251.9869680000113,59.37314033508301,99.34394499998689,0
442,0.7987022399902344,1.1782769999797438,6.0100555419921875,6.4617740000016965,135.2696418762207,240.69884200000047,60.0125789642334,99.56076599999619,0
443,1.8017292022705078,2.5471120000020164,4.498004913330078,4.937284999982694,140.77258110046387,247.94150600001785,67.67964363098145,109.24518100000569,0
444,1.2135505676269531,1.9846739999991314,8.046388626098633,8.170670999987806,143.90110969543457,260.17096100000003,63.65823745727539,98.63227100001382,0
445,0.7081031799316406,0.6561929999975291,6.721973419189453,6.85171099999593,154.62136268615723,277.76603800001,56.83636665344238,90.73522399998524,0
446,1.2161731719970703,1.6863200000045708,6.938695907592773,8.885484999979099,137.69245147705078,250.83342499999617,61.9657039642334,93.38755099997798,0
447,0.8492469787597656,1.31874499999185,3.8068294525146484,4.437370000005103,145.41864395141602,257.39692399997693,59.471845626831055,99.34842399999866,0
448,1.0800361633300781,1.6191360000163968,7.318258285522461,6.800295999994432,152.03619003295898,265.18091400001254,61.200618743896484,102.63932099999806,0
449,0.9474754333496094,1.4003820000141332,3.8497447967529297,4.582725000005894,167.20938682556152,277.3428570000078,89.37954902648926,163.85778099999015,0
450,5.300283432006836,8.467527999982849,10.000944137573242,10.552891000003228,153.18918228149414,213.01452100001939,56.49566650390625,153.31836500001828,0
451,0.9543895721435547,1.5815419999967162,3.159761428833008,3.741979000011497,147.68743515014648,207.96237199999723,57.30843544006348,148.0308730000104,0
452,1.4843940734863281,2.066515000024083,9.945154190063477,11.999478999996427,141.8476104736328,204.39831500002015,58.13121795654297,143.99276500000724,0
453,1.9621849060058594,2.761308000003737,3.5092830657958984,3.7390379999919787,144.75727081298828,258.5689339999817,61.2788200378418,100.48994299998526,0
454,0.7741451263427734,1.1390820000087842,5.731821060180664,6.101241000010305,139.7697925567627,142.30380899999773,62.47448921203613,204.77539600000227,0
455,1.0342597961425781,1.4633460000084142,4.450082778930664,5.3002069999763535,140.0446891784668,255.90660599999637,60.69827079772949,91.39023800000246,0
456,1.2722015380859375,1.909175000008645,7.189273834228516,7.349338000011585,138.624906539917,229.22713900001668,57.36088752746582,111.22774899999399,0
457,2.009868621826172,2.7834349999977803,4.627227783203125,5.47534099999325,141.85595512390137,209.72973100001013,59.37933921813965,137.0491889999812,0
458,1.0046958923339844,1.4773019999836379,34.33418273925781,33.23380500000894,181.9295883178711,306.84986700001105,57.19566345214844,109.54026600001043,0
459,1.3995170593261719,2.4030669999888232,7.17473030090332,7.454287000001614,144.55413818359375,248.1672559999879,57.20162391662598,104.06557100000668,0
460,1.962900161743164,2.7462710000065726,11.602640151977539,11.249714000001632,139.94646072387695,243.64888299999166,57.20186233520508,99.16250399999171,0
461,1.9042491912841797,2.7177089999952386,4.35185432434082,5.244180999994796,142.41337776184082,258.0219609999972,56.88667297363281,90.0345409999943,0
462,1.9216537475585938,2.7176750000137417,8.047103881835938,7.8476909999949385,141.0348415374756,253.29111300001728,61.36894226074219,97.00292900001273,0
463,0.7665157318115234,1.146419999997761,3.6590099334716797,4.211572999992086,142.11249351501465,252.7993550000076,61.495065689086914,104.37734299998169,0
464,2.267122268676758,3.2435459999931027,12.54415512084961,12.260513000001083,146.8520164489746,263.5590200000024,59.65685844421387,96.59940499997788,0
465,1.8515586853027344,2.6874939999856906,3.15093994140625,3.7058890000025713,141.08967781066895,252.55841099999543,58.36200714111328,93.80720600000814,0
466,1.9364356994628906,2.7167910000116535,7.281303405761719,7.228690000005145,136.05570793151855,244.8801689999982,58.478593826293945,96.06416100001525,0
467,1.8944740295410156,2.6774899999963964,3.681182861328125,3.8860160000240285,138.65399360656738,251.32559500002571,65.75989723205566,99.41619999997897,0
468,1.9838809967041016,2.8568529999972725,7.468461990356445,8.490037000001394,139.82820510864258,253.53713699999503,60.88423728942871,97.05231299997763,0
469,2.6807785034179688,3.596355000013318,6.4258575439453125,7.963902999989614,141.36576652526855,249.57079399999316,57.4798583984375,98.28005200000689,0
470,0.8685588836669922,1.2973590000058266,7.476329803466797,7.8761230000168325,136.22450828552246,242.76664299998174,60.01019477844238,101.54564300000857,0
471,0.7181167602539062,1.0572269999897799,4.317998886108398,4.815548999999919,134.92941856384277,245.19511500000135,57.67631530761719,91.91558699998836,0
472,2.1126270294189453,2.9005039999958626,6.628751754760742,6.845992999984674,139.64581489562988,251.21189899999763,58.08305740356445,94.91820400000961,0
473,1.8439292907714844,2.684988999988036,4.790544509887695,4.92987100000164,140.28668403625488,250.38417599998297,61.150312423706055,100.19490799999176,0
474,0.98419189453125,1.64485000001946,5.976438522338867,6.326895000000832,142.44914054870605,261.2482440000008,66.22862815856934,97.97718999999461,0
475,1.25885009765625,1.9670269999778611,5.120038986206055,6.354087000005393,151.6251564025879,269.0752889999999,58.180809020996094,98.15894900000899,0
476,0.7622241973876953,1.1531410000031883,6.083250045776367,6.437713999986272,137.7706527709961,244.05576099999848,80.05523681640625,116.95613800000615,0
477,3.3931732177734375,4.876821999999947,7.032871246337891,7.0808570000053805,144.5143222808838,258.3637099999976,67.20614433288574,106.59082900002659,0
478,1.2547969818115234,1.8786310000109552,8.35108757019043,9.144380000009278,146.4517116546631,265.5329019999897,60.00328063964844,93.84462100001656,0
479,1.882791519165039,2.6669079999805945,3.8971900939941406,4.462114000006068,154.6781063079834,277.07536200000504,62.64972686767578,102.83396299999481,0
480,0.64849853515625,1.0094439999761562,5.577325820922852,5.9642260000032365,132.24244117736816,238.10501599999156,61.398983001708984,97.71163499999602,0
481,1.7099380493164062,2.831662000005508,4.548072814941406,5.05318900002294,271.97933197021484,494.85794700001406,73.55141639709473,116.05458599998997,0
482,0.7169246673583984,1.0509470000101828,6.412267684936523,6.87891999999124,194.15807723999023,179.70386799999005,65.71006774902344,274.7560130000011,0
483,1.600503921508789,2.2795240000164085,6.512880325317383,8.976506000010431,185.1785182952881,336.8941640000003,63.10629844665527,98.82889500002534,0
484,1.3346672058105469,1.9409759999859943,9.338140487670898,11.282886999993025,147.31740951538086,267.222935999996,58.777809143066406,93.16653299998734,0
485,1.6484260559082031,2.5865150000186077,7.1735382080078125,7.826781000005667,210.45827865600586,374.1145689999996,65.93799591064453,102.94778400000837,0
486,1.9292831420898438,2.7389480000010735,7.559061050415039,7.4675090000084765,180.70006370544434,218.69790600001693,58.55536460876465,203.09415000002673,0
487,2.208709716796875,2.978257999984635,3.984212875366211,4.177105999985997,181.17785453796387,331.20280400001434,61.19060516357422,93.29205899999238,0
488,3.7572383880615234,6.292471999984173,8.513450622558594,10.832910999994283,152.3728370666504,280.0453859999834,62.01362609863281,94.52878000001874,0
489,2.5794506072998047,4.144754999998668,6.936073303222656,9.984069000012141,171.18382453918457,287.2715439999922,46.010494232177734,42.492190999979584,0
490,0.9388923645019531,69.02235900000164,4.780292510986328,6.976945000019441,70.80793380737305,128.04305599999566,16.7696475982666,26.2842120000073,0
491,0.5044937133789062,0.46810000000618857,1.8608570098876953,11.618240999979434,59.26156044006348,106.99155399998972,18.01300048828125,27.110213000014483,0
492,0.2899169921875,0.2688849999969989,3.295421600341797,13.611313000012615,63.44151496887207,109.41522499999223,18.18561553955078,37.67794700002014,0
493,0.3001689910888672,0.27857700001732155,1.878499984741211,7.746880000013334,60.36996841430664,101.3711959999739,36.1025333404541,76.02103900001111,0
494,0.6246566772460938,0.5775889999881656,10.622739791870117,18.074024000014788,336.77101135253906,547.382448999997,58.72774124145508,163.96708700000318,0
495,0.7224082946777344,1.1314099999992777,4.288673400878906,4.813001000002259,140.33079147338867,254.24671900000817,60.042381286621094,93.08657400001152,0
496,3.0183792114257812,4.340252000019973,10.46133041381836,10.636919000006628,170.76706886291504,248.76383299999816,85.27159690856934,188.4017339999957,0
497,1.2745857238769531,2.0003310000049623,8.813858032226562,9.685184999995045,155.13277053833008,274.8250340000027,61.75708770751953,100.42424100001313,0
498,0.9989738464355469,1.4054520000001958,6.228923797607422,6.7288820000044325,139.3427848815918,254.63151400001038,59.209585189819336,93.00663300001588,0
499,2.054929733276367,2.8933030000075632,4.744291305541992,4.912595000007514,145.90740203857422,260.01693599999953,72.86500930786133,113.07624900001656,0
500,1.8436908721923828,2.6900849999833554,11.461019515991211,12.570912999990469,143.66936683654785,262.45636100000524,63.57121467590332,94.78556599998456,0
501,1.2040138244628906,1.6812739999920723,4.608154296875,5.665107999988095,160.25876998901367,289.36290300001133,59.146881103515625,95.26750399999173,0
502,2.6776790618896484,3.7172509999834347,9.350776672363281,10.096287999999731,173.06089401245117,306.0517039999979,63.5988712310791,107.16554799998335,0
503,0.8094310760498047,1.1682429999950728,3.168821334838867,3.751738000005389,151.17812156677246,272.4349860000075,83.65273475646973,121.90474999999878,0
504,3.3948421478271484,5.002776999987191,8.866548538208008,9.11828700000683,150.4213809967041,169.87378700000022,61.09118461608887,193.65733899999782,0
505,0.7886886596679688,1.124836999991885,3.4437179565429688,4.001716999994187,140.7299041748047,202.26445200000853,52.84261703491211,138.55547200000728,0
506,0.4706382751464844,0.43640899997399174,3.167390823364258,4.125850999997738,136.18183135986328,247.91700899999114,52.228450775146484,58.964668999976766,0
507,1.073598861694336,41.723114000006944,3.6935806274414062,6.997621000010668,76.7669677734375,139.62609000000725,17.444133758544922,26.724282999992965,0
508,0.31495094299316406,0.29133999998975924,2.6884078979492188,2.4828230000082385,130.5832862854004,245.51362200000426,60.04452705383301,99.83301900001607,0
509,0.766754150390625,1.1384129999783,4.256725311279297,4.757243000000244,160.24017333984375,227.9327870000145,80.78837394714355,185.5020700000125,0
510,0.728607177734375,1.1241469999845322,7.08770751953125,7.361953999975412,150.56633949279785,270.715641999999,66.90120697021484,103.73253000000204,0
511,2.939462661743164,4.44980200001055,8.278131484985352,10.855380000009518,148.6060619354248,265.58132299999215,56.86473846435547,93.79770699999312,0
512,1.983642578125,2.811586999996507,8.136272430419922,8.767929000015329,166.63074493408203,302.92768300000716,59.54384803771973,93.9196870000103,0
513,4.9896240234375,7.668443999989449,4.780054092407227,5.612901000006332,147.5048065185547,265.10087399998383,59.02695655822754,93.945806999983,0
514,2.025127410888672,2.857240999986743,6.603479385375977,9.512430999990329,141.05534553527832,166.35995199999343,56.54025077819824,178.09708300001148,0
515,0.8909702301025391,1.1326709999934792,3.221273422241211,3.7985959999957686,136.9783878326416,250.03286899999466,59.953927993774414,92.18918600001302,0
516,1.3823509216308594,2.2997239999824615,11.1236572265625,11.129553999978725,144.93560791015625,262.90325499999767,70.47724723815918,102.95841900000369,0
517,1.0221004486083984,1.502939000005199,6.232261657714844,7.120001000004095,161.50379180908203,292.44115499997747,59.95655059814453,93.62917199999288,0
518,2.0143985748291016,2.789798000009114,7.414340972900391,8.096166000001404,142.1675682067871,261.01159699999243,69.75984573364258,98.85925000000384,0
519,2.507448196411133,3.452573000004122,5.574464797973633,7.54762400001141,139.51444625854492,128.7869100000023,60.099124908447266,214.84669000000167,0
520,0.7894039154052734,1.1777189999975235,7.163763046264648,7.534853999999314,139.03474807739258,251.24680199999716,58.73227119445801,94.07371300000023,0
521,2.0804405212402344,2.9181540000138284,4.806995391845703,5.164857000011125,141.98637008666992,251.77625300000273,60.51945686340332,97.3227080000072,0
522,0.9362697601318359,1.3259749999861015,6.985187530517578,7.3977270000114,182.77645111083984,327.7375030000087,74.70965385437012,120.95309899999052,0
523,2.52532958984375,3.80019499999662,9.972572326660156,12.488243999996484,154.30593490600586,238.39825400000336,59.02600288391113,133.28807799999254,0
524,1.9884109497070312,2.800358000001779,7.468938827514648,10.445626999995739,150.21896362304688,272.5210589999847,59.97300148010254,92.12433600001191,0
525,1.9402503967285156,2.7362470000014127,4.541158676147461,4.948748999993313,140.23542404174805,252.21063899999763,60.9133243560791,95.42868400001225,0
526,1.6965866088867188,2.5204690000180108,8.525371551513672,8.295535000002019,139.1620635986328,252.4112429999832,60.06455421447754,90.07226299999616,0
527,0.736236572265625,1.1700089999919783,4.147768020629883,4.651360999986309,135.94508171081543,242.56520699998418,62.54410743713379,101.20368799999824,0
528,0.8053779602050781,1.1794309999970665,5.890369415283203,6.255387999999584,145.15423774719238,258.994897000008,60.449838638305664,97.35544500000515,0
529,0.7526874542236328,1.1134260000176255,3.168821334838867,4.046101000000135,149.38020706176758,269.7523520000118,75.55961608886719,112.55821899999319,0
530,2.7403831481933594,4.084833000007393,9.813070297241211,10.300938000000315,145.27559280395508,256.5779720000023,59.43036079406738,100.29320599997504,0
531,0.8993148803710938,0.8333690000199567,6.451606750488281,7.822547999978724,134.9937915802002,240.0242349999928,58.05611610412598,96.65365899999756,0
532,1.8911361694335938,2.6740680000045813,6.939888000488281,7.6452290000190715,138.49687576293945,245.69165400001225,61.47909164428711,101.20975100002738,0
533,1.9512176513671875,2.7467640000224947,5.224704742431641,5.479596000014908,138.08822631835938,157.494526999983,60.219764709472656,184.97118600001272,0
534,0.7967948913574219,1.0258959999873696,7.386445999145508,7.657876999985547,149.97601509094238,270.18316199999504,57.12628364562988,89.454915999994,0
535,1.0848045349121094,1.7981240000040088,4.422903060913086,4.910150000000613,135.64348220825195,241.8531749999886,60.791730880737305,98.97621700000059,0
536,2.0608901977539062,2.8811229999803345,7.768869400024414,7.8392749999807165,140.12646675109863,252.59985399998186,62.06393241882324,93.96529100001771,0
537,1.7466545104980469,2.5940750000188473,3.6420822143554688,4.3332639999960065,138.59844207763672,248.88403900001776,58.24899673461914,93.73491499999886,0
538,2.9189586639404297,2.769213999982867,6.385564804077148,6.384642999989865,143.6765193939209,262.71336900001074,60.19735336303711,91.01667600000951,0
539,2.0647048950195312,2.9075679999834847,5.255699157714844,4.927949000006038,139.81199264526367,253.8302799999883,60.99343299865723,94.75529999997434,0
540,0.8809566497802734,1.2892450000094868,6.685495376586914,6.986372999989499,133.6805820465088,124.9431680000157,57.26766586303711,207.5805970000033,0
541,3.014802932739258,2.84662400000002,5.576133728027344,6.4636749999920085,144.758939743042,258.2890319999933,56.5638542175293,95.72494099998607,0
542,2.1696090698242188,2.1978649999994104,7.472991943359375,8.234434999991436,145.14565467834473,262.86183999999935,60.55593490600586,94.89716699999917,0
543,3.143787384033203,2.93838400000368,4.976749420166016,5.361388000011402,147.8414535522461,267.15677199999277,61.12527847290039,96.01792600000181,0
544,1.1777877807617188,1.961781000005658,7.112979888916016,7.380272000006016,139.3139362335205,215.10799699998984,58.95066261291504,127.4560140000176,0
545,0.7979869842529297,1.2909779999858984,3.1347274780273438,3.719999999987067,136.69300079345703,247.55324500000597,58.60638618469238,92.81075900000246,0
546,0.8056163787841797,1.0611289999928886,7.138490676879883,7.3977760000047965,145.54929733276367,266.76382300001933,61.4013671875,91.53639199999475,0
547,2.0706653594970703,2.7876540000022487,4.630804061889648,4.909236999992572,135.4541778564453,238.49885599997833,59.619903564453125,100.29721699999072,0
548,3.022432327270508,5.366887999997516,7.087469100952148,7.356220999980678,142.36187934875488,254.89605300001017,60.91475486755371,97.96151300000133,0
549,2.1941661834716797,3.0187819999980547,4.473447799682617,4.679777999996304,139.21666145324707,246.53798299999607,67.31700897216797,106.62473200000022,0
550,3.2067298889160156,5.6465110000090135,8.112430572509766,8.443633999974054,140.43045043945312,256.9971510000073,58.58802795410156,89.52002899999911,0
551,1.706838607788086,2.367716000009068,5.31768798828125,7.484755999996651,134.95516777038574,239.2790290000164,68.4814453125,105.89679299999943,0
552,2.3577213287353516,2.6439509999818256,10.819673538208008,11.697693999991543,144.89984512329102,258.01694499998007,58.861494064331055,95.66827599999783,0
553,1.3222694396972656,2.0709679999981745,4.276275634765625,5.039573999994218,137.18724250793457,247.04114299998992,64.06688690185547,98.77452099999573,0
554,1.2378692626953125,1.814498000015874,10.106325149536133,10.763329000013755,142.96388626098633,169.38231900002165,63.71021270751953,184.67501900002503,0
555,2.0608901977539062,2.860502000004317,6.065845489501953,6.126066999996738,137.31932640075684,250.6051409999941,61.733245849609375,91.86978799999679,0
556,0.7119178771972656,1.118374999975913,5.8193206787109375,6.184831000012991,143.92375946044922,255.3897290000009,61.75088882446289,100.47022799997762,0
557,2.514362335205078,3.057994999977609,5.769968032836914,7.2732259999952475,139.10961151123047,242.555995999993,63.851118087768555,103.97287899999696,0
558,1.0950565338134766,1.6683049999812738,12.817859649658203,13.547425000012936,147.9027271270752,269.40688999999907,61.67459487915039,94.05349400000773,0
559,0.7967948913574219,1.173146000013503,3.6563873291015625,4.309097000003703,150.7718563079834,270.65884999998957,61.430931091308594,94.83180400002311,0
560,0.6835460662841797,1.0713179999868316,7.295131683349609,7.667093999998542,143.0497169494629,252.8195989999915,60.12678146362305,99.77039500000728,0
561,0.7224082946777344,1.0841199999731543,3.659486770629883,4.2418360000056055,160.3529453277588,286.2812980000058,57.546377182006836,95.35683200002154,0
562,1.5873908996582031,2.2266330000206835,6.740808486938477,7.848179000006894,137.07566261291504,181.91175699999462,58.7468147277832,157.39949499999284,0
563,0.6358623504638672,0.5877430000111872,5.917072296142578,6.291344000004528,170.7768440246582,272.4141920000136,62.735795974731445,95.150555999993,0
564,1.7306804656982422,2.0824979999929383,27.28581428527832,25.670429000001604,224.55739974975586,325.2764769999885,63.97128105163574,183.4454449999896,0
565,0.7529258728027344,1.1175329999844053,3.244638442993164,3.8077610000186723,194.27132606506348,351.6746669999975,58.38513374328613,93.71242200001006,0
566,2.9044151306152344,2.6937670000108938,6.354570388793945,6.345062999997708,184.54694747924805,332.2645040000225,58.576345443725586,95.73388799998384,0
567,0.7219314575195312,0.6687370000122428,4.371881484985352,4.5750900000030015,147.90821075439453,266.2770860000023,62.71648406982422,96.38544599999932,0
568,2.0198822021484375,2.8003439999793045,5.76019287109375,6.049398000016026,140.8696174621582,249.8781349999888,64.72969055175781,103.45440000000394,0
569,2.034902572631836,2.8693180000232132,3.95965576171875,3.793923000017685,144.2713737487793,256.6725169999984,61.29169464111328,98.63392899998757,0
570,1.272439956665039,1.6863209999939954,10.118961334228516,10.556831000002376,141.8614387512207,253.89555000000996,59.3724250793457,94.30025700001465,0
571,0.7812976837158203,1.2464120000004186,4.166841506958008,4.675778999995828,170.5644130706787,307.9327559999854,60.33062934875488,94.03838299999734,0
572,1.1186599731445312,1.724671999994598,6.966352462768555,7.860348000008344,138.13018798828125,184.4341869999937,64.17584419250488,161.88160999999468,0
573,1.4214515686035156,2.4396639999793024,3.8912296295166016,4.423668999976371,143.6605453491211,262.81209200001854,57.906150817871094,90.40380700000128,0
574,1.6694068908691406,2.793758000024127,6.280422210693359,6.873896000001878,143.71275901794434,254.81028500001912,60.790300369262695,96.92307599999594,0
575,1.2128353118896484,1.9574420000196824,4.874944686889648,5.8094549999907485,139.9686336517334,247.96556300000816,61.528682708740234,101.4955480000026,0
576,2.3322105407714844,2.791045999998687,7.303476333618164,7.162857999986727,142.43102073669434,255.80430100001195,62.75677680969238,98.95904900000119,0
577,5.348920822143555,7.909624000006943,5.894184112548828,9.804497999994055,138.3204460144043,249.15806799998563,76.79986953735352,112.07232099999942,0
578,3.2782554626464844,4.6015259999876434,10.292291641235352,10.410175000004074,143.17846298217773,248.79382599999644,76.4474868774414,123.06132000000503,0
579,1.897573471069336,2.885015000003932,6.70313835144043,7.603982000006226,138.0767822265625,247.8003729999898,57.845115661621094,94.15707899998438,0
580,1.9118785858154297,2.698317000010775,5.893468856811523,6.286566999989418,138.838529586792,195.57252300000982,62.604665756225586,149.80699399998798,0
581,1.9419193267822266,3.226137000012841,5.916118621826172,6.9263020000107645,139.88661766052246,254.47335699999485,71.48241996765137,102.36955300001682,0
582,2.1696090698242188,3.130854999994881,9.63139533996582,10.376400000012609,141.77322387695312,250.77953999999636,67.91448593139648,108.03068399999916,0
583,2.3818016052246094,2.981533999985686,6.8340301513671875,10.34818699997686,149.2326259613037,265.8984900000121,61.30194664001465,99.48613099999193,0
584,1.9936561584472656,2.80969099998174,12.511968612670898,13.146128000016688,141.33214950561523,250.21544499998072,65.90771675109863,107.7109579999842,0
585,3.0646324157714844,4.494491000002654,7.119417190551758,8.470542999987174,143.7525749206543,259.4955560000187,62.29591369628906,95.25782599999388,0
586,0.7076263427734375,0.6555360000106703,7.523059844970703,7.789252999998553,141.58010482788086,250.2087700000004,57.67250061035156,98.2930769999939,0
587,0.9286403656005859,1.5298300000097242,4.494905471801758,5.012297000007493,137.62307167053223,246.78196200000002,61.562538146972656,97.68005199998697,0
588,1.560211181640625,2.2291579999773603,11.720657348632812,13.921176999986073,142.87734031677246,254.68781800000784,61.25497817993164,99.46492599999601,0
589,2.51007080078125,4.4107190000204355,3.7288665771484375,4.385541999994302,145.20645141601562,262.454976999976,58.432817459106445,92.24456100000111,0
590,0.6852149963378906,1.0666559999776837,8.79359245300293,8.93546599999695,143.19849014282227,261.8563280000217,61.493635177612305,91.77034700002196,0
591,1.909494400024414,2.698374000004833,4.471778869628906,4.616067000000612,135.7285976409912,196.06198500000005,58.27736854553223,139.4989140000007,0
592,0.8218288421630859,1.2798580000037418,6.896018981933594,7.406656000000567,136.29436492919922,241.98385799999755,61.90991401672363,103.12920000001213,0
593,0.7698535919189453,0.9508409999909873,4.302740097045898,4.8039029999813465,166.65339469909668,303.3910770000148,60.91952323913574,93.90961200000447,0
594,0.7309913635253906,1.1126439999884497,6.273984909057617,6.631417999983569,181.86640739440918,319.70570799998654,56.951045989990234,100.57512800000268,0
595,2.375364303588867,3.1584589999908985,3.372669219970703,3.924334000004137,138.06843757629395,243.28035299998874,60.340166091918945,99.81484200000068,0
596,0.8194446563720703,1.26039999997829,6.0901641845703125,6.524497000015117,135.04862785339355,239.71571999999242,61.55848503112793,99.6399560000043,0
597,0.9169578552246094,1.3724830000114707,3.7522315979003906,4.592000000002372,137.8939151763916,245.2972339999917,58.290958404541016,97.03431500000193,0
598,1.54876708984375,2.580757999993466,8.574247360229492,9.085645999988401,142.6072120666504,257.68390799998997,61.48076057434082,95.82535900000266,0
599,1.8258094787597656,2.6990249999983007,4.409074783325195,4.818593999999621,145.2312469482422,222.32623100001092,60.14418601989746,132.01918699999737,0
600,0.7231235504150391,1.0854540000195811,11.471033096313477,11.399730000022146,138.1244659423828,247.27490399999397,57.734012603759766,94.34557000000154,0
601,2.574443817138672,3.3283429999926284,6.083250045776367,4.777898000014602,141.11948013305664,248.99055699998485,57.03282356262207,96.80354300002136,0
602,1.1675357818603516,1.688709999996263,5.777120590209961,6.161345999998957,141.25919342041016,249.76112900000658,66.81418418884277,107.71650999998883,0
603,2.317667007446289,3.3456269999874166,6.657838821411133,7.755601000013712,148.38504791259766,265.6521800000178,64.58783149719238,103.31025299998942,0
604,0.8654594421386719,1.2957589999871288,6.332635879516602,6.7740979999939555,150.62427520751953,273.0277529999796,62.566280364990234,94.26654399999279,0
605,1.1577606201171875,1.7826719999902707,4.703760147094727,5.723470000020825,140.519380569458,251.5943149999771,59.74292755126953,97.02913899999999,0
606,0.7085800170898438,1.0876070000165328,5.535364151000977,5.944685999992316,140.17605781555176,249.75484299997674,57.611942291259766,96.2843560000124,0
607,1.7812252044677734,2.81491100000153,3.563404083251953,4.07974600000216,139.48965072631836,248.86016900001096,60.056209564208984,98.23387500000536,0
608,0.732421875,1.1082160000057684,6.193876266479492,6.805563999989772,140.32340049743652,248.9618529999973,58.63356590270996,100.08915200000956,0
609,4.283428192138672,3.6089790000062294,3.755807876586914,4.164528000018208,137.88986206054688,170.67576000002305,58.62259864807129,169.53108499998848,0
610,0.7312297821044922,1.059099999991986,7.336139678955078,6.735630000008541,135.6658935546875,242.68110200000592,62.11733818054199,98.24327999999127,0
611,2.6128292083740234,3.582456000003731,12.419700622558594,10.87374200000113,141.78466796875,250.16918599999372,60.423851013183594,100.92905900000915,0
612,1.4917850494384766,2.187278000008064,6.456136703491211,8.81628299998738,131.8655014038086,121.72649600000796,58.63809585571289,209.30877099999634,0
613,1.7054080963134766,2.502223999982789,6.270170211791992,5.808176999977377,138.84592056274414,247.356687000007,56.54644966125488,97.7987220000216,0
614,2.0618438720703125,2.897403999980952,7.134675979614258,8.223065999999335,141.7536735534668,249.4954089999908,62.73627281188965,104.38304199999493,0
615,0.9684562683105469,1.5171770000108609,8.759737014770508,5.181437999993932,155.55357933044434,282.4591569999768,61.79523468017578,92.37369699999931,0
616,0.7932186126708984,0.7349779999969996,7.346153259277344,7.541556000006722,137.0713710784912,248.93035000002328,84.6717357635498,125.7023529999799,0
617,2.8405189514160156,4.123394000004055,5.756616592407227,7.116507000006322,153.46312522888184,281.209806999982,61.370134353637695,91.59814899999219,0
618,0.7300376892089844,1.1764709999795286,6.142139434814453,6.508676999999352,143.22447776794434,256.838891000001,63.41361999511719,99.8515049999753,0
619,0.7231235504150391,1.1362500000018372,5.244016647338867,5.671908000010717,146.36588096618652,260.98716199999217,63.66109848022461,101.35045499998796,0
620,1.47247314453125,2.082795000006854,8.674860000610352,11.012930000021015,141.27206802368164,178.03648000000294,57.23285675048828,167.7212680000082,0
621,2.0809173583984375,2.992190000014716,3.782987594604492,4.30946899999185,137.8152370452881,250.22112800002105,63.95912170410156,96.63681899999688,0
622,1.6689300537109375,2.806420000013077,9.90438461303711,10.515050000009296,143.11766624450684,256.5676499999938,59.30924415588379,94.37527500000442,0
623,2.002239227294922,2.852576999998746,4.483461380004883,5.766037000000779,138.3962631225586,249.66355300000487,64.76736068725586,102.68087800000103,0
624,1.8939971923828125,2.8168960000130028,13.276815414428711,14.029579999998987,147.95374870300293,265.9826469999871,61.606645584106445,97.39283800001886,0
625,0.8685588836669922,1.404164000007313,3.121614456176758,3.7095990000182155,138.58914375305176,249.08625300000153,58.5176944732666,94.52117699999008,0
626,0.8013248443603516,1.2487840000119377,6.048917770385742,6.39235699998153,136.70587539672852,248.46917499999677,72.6773738861084,103.89893199999278,0
627,1.2483596801757812,1.885278999992579,3.6792755126953125,4.676767000006521,140.00844955444336,252.83092900002657,58.31122398376465,93.10130900001923,0
628,1.9800662994384766,2.761440000000448,6.338834762573242,6.5850660000137395,139.3868923187256,217.75469599998587,58.90989303588867,128.90631600001257,0
629,2.9947757720947266,2.8777699999977813,3.480672836303711,3.750249999995958,142.99988746643066,248.96054200002027,60.90855598449707,102.78511100000287,0
630,2.3725032806396484,3.364268000012771,7.810831069946289,6.814520000006041,138.6854648590088,250.51922400001558,58.804988861083984,94.34343699999204,0
631,2.940654754638672,2.7525130000185527,5.317926406860352,5.600079000004143,147.85170555114746,268.39676800000234,70.88208198547363,114.54586400000721,0
632,0.7395744323730469,1.1836079999909543,8.382081985473633,8.58435600000007,146.65722846984863,265.46423199999936,63.05527687072754,96.57088899999167,0
633,2.1142959594726562,3.618638000006058,6.694316864013672,7.317188999991231,142.3943042755127,259.17862000000014,60.20641326904297,93.03380800000127,0
634,0.9198188781738281,1.4924719999953595,6.470441818237305,6.786528000020553,143.33415031433105,255.61241200000495,64.54682350158691,102.6951469999915,0
635,6.039619445800781,9.571149000009882,5.390405654907227,5.975118000009161,141.05939865112305,249.83637299999373,58.301448822021484,98.11479600000439,0
636,0.7746219635009766,1.2020430000063698,5.737781524658203,6.161714999990409,138.64755630493164,247.20494300001405,61.8748664855957,99.53405599998177,0
637,0.7174015045166016,1.1418339999806904,3.017425537109375,3.652328000015359,136.99102401733398,245.0836410000079,66.13302230834961,106.1406530000113,0
638,1.53350830078125,2.313262999990684,7.2307586669921875,8.174558000007437,138.68117332458496,144.7218810000095,58.88485908508301,197.6181709999878,0
639,0.9567737579345703,1.4202469999986533,3.859281539916992,4.685677999987092,144.9105739593506,257.3573930000066,60.68897247314453,98.54445199999873,0
640,0.7474422454833984,1.1615919999883317,5.927801132202148,6.3601350000226375,149.4882106781006,261.88556200000335,59.29851531982422,100.40338599998222,0
641,0.9629726409912109,3.556814000006625,3.3991336822509766,6.053737000002002,137.98904418945312,139.05640499999095,58.77041816711426,206.81708099999696,0
642,1.9333362579345703,3.3635400000093796,9.451627731323242,9.591302999979234,144.61469650268555,240.92335800000342,59.75508689880371,114.38173600001278,0
643,0.8330345153808594,1.2396730000148182,5.034208297729492,5.526664999990771,177.08706855773926,227.07687199999782,83.67133140563965,214.3420699999865,0
644,1.1608600616455078,1.857026999999789,10.946989059448242,11.442670999997517,152.76360511779785,249.9885150000125,64.96334075927734,126.5260039999987,0
645,0.9088516235351562,1.373241000010239,3.6590099334716797,4.390645999990284,146.53801918029785,249.37084900000173,58.38131904602051,108.71839500001101,0
646,3.101825714111328,4.3901290000007975,11.174678802490234,12.342248999999583,140.01107215881348,182.06189500000391,58.47954750061035,163.2846200000131,0
647,1.6973018646240234,2.88084499999286,4.169702529907227,4.527317999986735,131.99234008789062,127.51894000001585,60.81247329711914,204.74934700001768,0
648,0.7283687591552734,1.0617849999903228,23.179054260253906,22.208025999987058,135.24293899536133,244.3532750000088,63.279151916503906,98.24254800000176,0
649,0.7135868072509766,0.6589259999998376,4.438161849975586,4.633078000011892,140.29216766357422,128.14322700000957,58.32815170288086,215.0132049999911,0
650,0.8723735809326172,1.404480000019248,6.070852279663086,6.660268000018732,138.39435577392578,246.29346899999405,79.18214797973633,135.91880200002038,0
651,1.7735958099365234,2.6155520000088472,4.139900207519531,5.200853999980382,160.71271896362305,290.46012500000984,57.92880058288574,94.38746600000059,0
652,0.7269382476806641,1.088686000002781,6.021976470947266,6.376517000006743,138.56816291809082,250.3714360000231,68.69244575500488,113.92683400001147,0
653,2.0492076873779297,2.895835000003899,10.554075241088867,10.523639000012963,144.79947090148926,259.44150099999774,59.964656829833984,94.67680200000927,0
654,1.94549560546875,2.7570759999946404,7.279157638549805,7.35238199999344,142.28439331054688,252.08519100002036,59.006690979003906,99.93532900000446,0
655,3.016948699951172,3.7413949999915985,3.505229949951172,4.123426999996127,142.1046257019043,259.2264449999959,58.16364288330078,92.93606500000351,0
656,0.6964206695556641,1.0805339999819807,5.562543869018555,6.0074920000090515,135.91742515563965,125.46659000000204,56.68020248413086,210.51860699998315,0
657,1.4908313751220703,2.549835000024814,4.600763320922852,5.074325999999019,147.31311798095703,224.3751960000111,58.95066261291504,134.25123900003655,0
658,1.873016357421875,2.6627880000091864,7.030248641967773,7.72652700004528,141.90244674682617,250.88540000001558,59.841156005859375,102.68394199999875,0
659,2.0072460174560547,2.8060710000090694,6.799459457397461,7.7630279999993945,156.68654441833496,280.86593299997276,61.06209754943848,98.34694300002411,0
660,1.3532638549804688,2.1295640000289495,7.391452789306641,8.202952000033292,142.8217887878418,259.49096400000826,67.3990249633789,100.43589800000063,0
661,1.4138221740722656,2.2132529999794315,6.184101104736328,7.011814999998478,153.9137363433838,278.103638999994,58.966636657714844,94.58051900003284,0
662,1.718282699584961,2.950565000048755,7.903575897216797,8.386210999958621,136.0163688659668,245.8365750000553,60.12129783630371,95.44680499999458,0
663,3.8208961486816406,6.755990999977257,5.150794982910156,6.023018999997021,138.5948657989502,246.27520899997535,57.3573112487793,95.61669900000425,0
664,3.387928009033203,6.057789999999841,5.813837051391602,6.214713000019856,142.44914054870605,259.37724299996034,65.48357009887695,104.63670699999739,0
665,2.519369125366211,3.256822999958331,4.859209060668945,5.292461000010462,149.247407913208,267.5510359999862,57.723045349121094,95.22120000002587,0
666,1.9502639770507812,2.7400210000223524,7.367134094238281,8.00415300000168,135.21432876586914,244.76063800000247,58.08758735656738,91.65728799996486,0
667,1.9636154174804688,2.7870449999909397,4.5108795166015625,5.413833000034174,162.56117820739746,294.69616500000484,61.98382377624512,100.47030499998755,0
668,0.9829998016357422,1.1625690000300892,7.404804229736328,7.6576729999828785,137.87508010864258,151.14911599999914,58.741092681884766,189.95470300001216,0
669,1.7521381378173828,2.6003099999911683,3.4329891204833984,4.268781000007493,142.7912712097168,254.23746199999187,61.583757400512695,104.71414199997753,0
670,6.220340728759766,9.827861000019311,11.625289916992188,12.097277000009399,157.35673904418945,281.76908000000367,91.35556221008301,140.69550900001104,0
671,1.0423660278320312,1.633481999988362,6.275177001953125,7.163271999957033,159.98435020446777,289.08615300002793,61.398983001708984,96.01757500001895,0
672,1.444101333618164,2.446850000012546,6.741046905517578,7.282250000002932,139.34683799743652,246.78322199997638,61.373233795166016,104.30991200001927,0
673,1.943349838256836,2.7601229999731913,3.340005874633789,3.8939230000210046,141.8139934539795,258.4890499999801,59.61465835571289,90.7924150000099,0
674,0.7181167602539062,1.1220920000027945,6.111860275268555,6.4819430000397915,294.4631576538086,538.4085450000384,83.89782905578613,137.44932299999846,0
675,2.0296573638916016,2.9046270000208096,4.534006118774414,4.712963000031323,325.98257064819336,593.9049680000039,59.53383445739746,93.36710700000594,0
676,1.74713134765625,2.620487999990928,6.489038467407227,6.767993000039496,217.09465980529785,390.85086500000443,58.802127838134766,95.89835100001665,0
677,3.8368701934814453,6.161404000010862,4.827737808227539,5.785739000032208,161.48138046264648,288.28601700001855,57.48128890991211,97.35211099996377,0
678,1.7862319946289062,2.650728999981311,7.290124893188477,8.29089199999089,158.33282470703125,285.8177850000061,57.90281295776367,93.52907499999219,0
679,1.1260509490966797,1.885145000017019,3.7522315979003906,4.291622999971878,256.7131519317627,463.3749010000088,58.14957618713379,94.34064399999897,0
680,1.6293525695800781,2.3256329999981062,7.208824157714844,9.344999999996162,300.1739978790283,494.13568099998884,60.44268608093262,145.40525700004991,0
681,2.2416114807128906,3.076304999979129,5.203008651733398,6.023656000024857,145.62630653381348,260.90360500001,61.879634857177734,99.8224260000029,0
682,1.1143684387207031,1.7185130000143545,8.265972137451172,8.982993000017814,142.44699478149414,245.1309289999699,56.09130859375,101.22835100003158,0
683,2.1224021911621094,3.0316649999804213,3.5533905029296875,4.094520000023749,169.00348663330078,302.1888639999588,62.63923645019531,98.48783000001049,0
684,2.1734237670898438,3.219184000045061,8.32819938659668,10.015859999953136,154.6313762664795,276.68085600004133,58.58182907104492,96.5726520000203,0
685,0.7526874542236328,1.1306089999720825,5.1441192626953125,5.870764999997391,138.06843757629395,248.54246499995725,57.88755416870117,93.67183999995632,0
686,0.7491111755371094,1.1462170000413607,5.797147750854492,6.183997000050567,140.5966281890869,252.87046099998634,64.61834907531738,100.78354600000239,0
687,2.002716064453125,2.858082999978251,6.592988967895508,8.256716999994751,142.8678035736084,255.7811869999682,58.84194374084473,94.0702789999932,0
688,0.7300376892089844,1.120898000010584,5.847692489624023,6.2326629999915895,169.94404792785645,310.92614499999627,95.81637382507324,153.3926470000324,0
689,1.1525154113769531,1.7785520000188626,5.040407180786133,5.933986000002278,141.93153381347656,232.3448519999829,57.57784843444824,115.5857640000022,0
690,2.064943313598633,2.920358000039869,8.036136627197266,9.078184999964378,146.9721794128418,241.3432800000237,55.84216117858887,114.20260099998814,0
691,0.7643699645996094,0.9851570000023457,2.6731491088867188,3.3447659999978896,155.34543991088867,178.00917099998514,117.82598495483398,275.42254599995886,0
692,2.2521018981933594,3.8211069999647407,12.941598892211914,13.72513900003014,247.32232093811035,298.17734499999915,93.9645767211914,299.55561299999545,0
693,2.1996498107910156,3.0466250000245054,6.014585494995117,7.025565999981609,287.53018379211426,521.6169849999801,58.85720252990723,97.27942099999609,0
694,0.7710456848144531,1.162731999954758,6.20579719543457,6.851436999966154,158.18071365356445,285.7711169999675,59.580326080322266,94.99201500000254,0
695,2.6247501373291016,2.860635999979877,7.089376449584961,11.176215999967098,147.06802368164062,264.1101570000046,58.94184112548828,94.80437299998812,0
696,2.964496612548828,3.6949800000343203,6.150007247924805,6.536207000010563,250.14925003051758,454.73381800002244,56.22458457946777,92.4634259999948,0
697,2.2821426391601562,3.2204089999936514,6.336450576782227,7.036894999998822,253.42941284179688,459.31536599999845,60.05668640136719,94.43910099997765,0
698,1.9502639770507812,2.7836219999812783,6.579160690307617,6.6054360000293855,158.1871509552002,283.14036199998327,61.354637145996094,96.16417299997693,0
699,1.7480850219726562,2.5436349999949925,7.005453109741211,7.697776999975758,179.36038970947266,325.42921000003844,111.86814308166504,174.6484770000052,0
700,2.0818710327148438,3.168857999980901,8.782386779785156,11.11909899998409,222.1839427947998,399.2758750000007,58.9749813079834,97.65762500001074,0
701,7.3566436767578125,2.292615999976988,4.124641418457031,4.732198999988668,135.26225090026855,239.93051899998363,57.97171592712402,98.38624899998649,0
702,2.9058456420898438,2.397931000018616,8.076906204223633,8.079395999970984,233.7779998779297,402.4685939999699,56.229591369628906,114.03951600004802,0
703,1.955270767211914,2.760724999973263,5.748510360717773,5.905698999981723,148.13780784606934,248.7335520000329,56.07295036315918,108.22967299998254,0
704,1.0154247283935547,1.692143000013857,5.976438522338867,6.330480000031002,195.1429843902588,297.09349000000884,57.42835998535156,148.76733699998113,0
705,1.707315444946289,2.851039999995919,3.450155258178711,4.0347229999611045,142.63367652893066,208.90610599997217,61.215877532958984,142.52894100002322,0
706,1.1408329010009766,1.458305999960885,6.363868713378906,6.718367000019043,141.82543754577637,255.53530000001956,58.43925476074219,95.23552299998528,0
707,1.953125,2.7376769999705175,7.060766220092773,7.883140999979332,144.50693130493164,132.51275900000792,58.994293212890625,218.04335999996738,0
708,0.7126331329345703,1.1032829999635396,5.64122200012207,6.047949000048902,137.6473903656006,243.50454799997578,60.477495193481445,98.45813599997655,0
709,1.3701915740966797,1.7289719999666886,3.752470016479492,4.5585790000473025,138.4871006011963,245.90521799996168,62.17241287231445,100.43450599999915,0
710,1.8768310546875,2.710925000030784,11.017560958862305,10.750508999990416,141.70026779174805,251.22644800001126,58.10689926147461,98.16905400003861,0
711,0.8969306945800781,1.3503490000061902,3.508329391479492,4.102690999957304,143.4025764465332,253.77672799999118,60.106754302978516,100.24579600002426,0
712,1.9125938415527344,2.688900000009653,7.527589797973633,7.452860999990207,143.46861839294434,255.031157000019,58.381080627441406,96.89174900000808,0
713,1.9562244415283203,2.804674000003615,5.643606185913086,6.107103999966057,139.79005813598633,249.00717499997427,61.7523193359375,100.47639499998695,0
714,0.7607936859130859,1.2140370000111034,5.645990371704102,6.0241249999535285,136.06905937194824,242.98837499998172,57.81292915344238,95.8588089999921,0
715,2.0737648010253906,2.8464279999980135,4.15492057800293,4.799235999996654,139.4824981689453,248.76598700001296,63.79842758178711,99.76099300001806,0
716,1.9626617431640625,2.786397000022589,7.984399795532227,7.805217999987235,139.89758491516113,253.2114649999926,61.936378479003906,94.86323100003347,0
717,0.7567405700683594,1.1301890000368076,2.9947757720947266,3.588507000017671,143.2497501373291,256.04173599998603,63.81058692932129,102.02123100003746,0
718,1.1849403381347656,1.8196030000012797,10.354757308959961,10.934270000007018,142.13156700134277,251.02785399997174,76.79033279418945,117.29423700001007,0
719,1.0411739349365234,1.6173619999904076,6.058216094970703,7.06375999999409,146.76642417907715,267.6184450000392,59.87358093261719,91.22997199995098,0
720,1.636505126953125,2.4457970000071327,8.309364318847656,10.698832000002767,146.15321159362793,264.66666200002464,61.84053421020508,93.17724400000316,0
721,1.9559860229492188,2.8067579999628833,5.856513977050781,5.4549129999941215,136.92235946655273,248.529781000002,59.19051170349121,92.87155399999847,0
722,1.226663589477539,2.083835000007639,6.080150604248047,6.426184999952511,143.05567741394043,252.7307990000054,64.73612785339355,106.0313329999758,0
723,1.4064311981201172,2.2392399999944246,3.8466453552246094,4.416002999960256,158.34832191467285,282.3135030000117,57.62910842895508,96.57057299995131,0
724,1.3158321380615234,2.196678000018437,5.841493606567383,6.205534000002899,136.51204109191895,245.38555399999495,58.25233459472656,93.52815900001588,0
725,2.6094913482666016,3.5642110000253524,6.007909774780273,6.980591000001368,145.05958557128906,264.960584999983,58.49266052246094,89.71268799996324,0
726,1.989126205444336,2.79261499997574,7.4520111083984375,7.936006000022644,145.1249122619629,213.99306000000706,57.782649993896484,137.77816099997153,0
727,1.1146068572998047,1.8530319999854328,3.371715545654297,3.939895999963028,139.36948776245117,250.1525139999785,67.1541690826416,103.86814399998912,0
728,1.9807815551757812,2.8241390000403044,6.964921951293945,7.043019000036566,144.80090141296387,265.4729330000123,59.075355529785156,89.54894600003627,0
729,1.9583702087402344,2.7476449999994657,5.075931549072266,5.175303999976677,135.66088676452637,241.4893280000001,58.48264694213867,96.95015699998066,0
730,1.316070556640625,2.215861000024688,5.817651748657227,6.182108000018616,138.3380889892578,247.03185600003508,58.79926681518555,96.80041600000777,0
731,1.9061565399169922,2.7188669999986814,5.093812942504883,8.28335099998867,135.26391983032227,245.23276700000451,59.27300453186035,92.805444000021,0
732,2.361297607421875,3.47788499999524,7.967710494995117,8.21613900001239,138.90957832336426,246.9297749999555,58.09974670410156,98.92151299999341,0
733,3.1423568725585938,3.092223000010108,3.6268234252929688,4.235283000014078,142.73571968078613,252.3868929999935,59.129953384399414,102.19867500001101,0
734,1.6903877258300781,2.7859380000450074,6.295680999755859,6.860762999963299,134.55891609191895,239.50864799996907,59.61728096008301,98.47458799998776,0
735,1.9049644470214844,1.7271290000167028,5.726814270019531,5.716818999985662,138.20981979370117,245.74637699998902,57.77692794799805,97.37617000001819,0
736,3.2625198364257812,3.683901999977479,7.274627685546875,6.540760999996564,133.53252410888672,187.19705200004455,58.957576751708984,146.4481440000327,0
737,0.7054805755615234,1.054415999988123,3.3690929412841797,3.9360650000048736,133.84127616882324,123.54257699996651,57.866573333740234,208.36220299997876,0
738,1.2006759643554688,2.0225909999567193,5.8383941650390625,6.203137999989394,141.556978225708,145.8372049999639,58.275461196899414,202.84513100000368,0
739,0.7226467132568359,1.1185549999481736,4.046916961669922,4.599649999988742,141.39914512634277,250.04030200000216,60.36972999572754,101.34926099999575,0
740,1.9583702087402344,2.786599999978989,10.94365119934082,10.564397999985431,139.22429084777832,248.4228499999972,60.980796813964844,97.89893599997868,0
741,1.9755363464355469,2.760567999985142,4.9800872802734375,5.343188999972881,141.73412322998047,259.72315699999626,57.158470153808594,88.11841300001788,0
742,0.7507801055908203,1.0850470000036694,5.831480026245117,6.190462999995816,153.90419960021973,280.651037000041,63.10701370239258,96.10924399999021,0
743,2.679109573364258,3.616754999995919,6.545782089233398,6.677868999986458,142.52090454101562,259.0646470000024,64.4385814666748,96.28614100000732,0
744,0.7021427154541016,1.0362090000057833,5.525827407836914,5.918036999958076,148.74887466430664,268.64922900000465,59.85856056213379,95.37838100004592,0
745,1.9125938415527344,2.646583999990071,5.330562591552734,5.260379999981524,139.9552822113037,250.22404599997117,58.11190605163574,95.45243499997014,0
746,1.9273757934570312,2.7339279999978316,6.3323974609375,6.447999999977583,132.7536106109619,146.74266299999772,58.402299880981445,184.14389199995185,0
747,0.8101463317871094,1.2914210000189996,3.340005874633789,3.910819999987325,135.88571548461914,243.49089200001117,58.93516540527344,95.71082399997977,0
748,2.148151397705078,2.1054480000088915,6.216526031494141,6.5888449999533805,150.80642700195312,266.20116499998403,61.79547309875488,98.56764400001339,0
749,1.9104480743408203,2.6996280000162187,4.001617431640625,4.32106499999918,142.5619125366211,259.33883900000865,64.48125839233398,99.60895399996161,0
750,1.2156963348388672,1.974114000006466,6.099939346313477,6.459466000023895,138.0147933959961,245.85158600001478,58.52150917053223,96.04333099997575,0
751,1.6932487487792969,2.526976000012837,6.513833999633789,6.494930999963344,135.44583320617676,148.90559999997777,57.187557220458984,185.67790999998124,0
752,2.234220504760742,3.0196199999750206,7.114648818969727,7.165558999986388,135.6637477874756,246.18344300000672,61.30814552307129,93.48066000001154,0
753,0.98419189453125,1.6099359999657281,3.8797855377197266,4.413184000043202,142.4577236175537,253.19876499997918,67.0328140258789,110.21776799998406,0
754,0.6854534149169922,1.0675480000372772,7.223367691040039,7.52422799996566,159.8050594329834,215.5844719999891,63.56215476989746,169.34800899997526,0
755,0.9393692016601562,1.3727080000194292,7.221460342407227,7.798838999974578,140.12384414672852,256.3553699999943,70.3125,99.85008500001413,0
756,1.5728473663330078,1.83310900001743,9.360551834106445,9.97654199994713,163.07330131530762,294.2828209999675,75.42681694030762,116.3389329999518,0
757,1.5897750854492188,2.3708850000048187,6.830692291259766,6.746462999956293,136.2748146057129,241.61104900002783,59.218406677246094,98.40992900001311,0
758,0.6847381591796875,1.0817909999900621,5.576133728027344,5.955959000004896,140.40136337280273,247.29566700000305,60.05716323852539,99.76573400001598,0
759,0.7414817810058594,1.1467129999687131,3.9844512939453125,4.530565999971259,141.53480529785156,258.53326100002505,59.10778045654297,91.39645400000518,0
760,0.835418701171875,1.3445300000398674,5.595207214355469,5.978145999961271,136.59930229187012,240.92389600002662,60.77980995178223,100.77267499997333,0
761,0.7140636444091797,0.6615519999968456,3.4029483795166016,3.9528089999976146,137.5417709350586,245.11063199997807,58.129310607910156,96.29931200004194,0
762,0.7700920104980469,1.1320469999986926,5.542993545532227,5.926751999993485,144.01817321777344,263.99268500000517,66.21074676513672,100.32016599996041,0
763,2.050638198852539,3.492849000053866,7.578611373901367,8.420497000031446,156.79001808166504,281.5174650000358,60.98675727844238,96.1131880000039,0
764,0.7631778717041016,1.1163679999981468,6.024360656738281,6.647760999953789,145.796537399292,264.1185410000162,65.2322769165039,99.78248700002723,0
765,0.9393692016601562,1.476287000002685,4.05120849609375,4.888646000040353,139.47129249572754,205.5726629999981,57.4798583984375,136.91377999998622,0
766,1.4188289642333984,2.387113999986923,6.209135055541992,6.923094999990553,136.6119384765625,172.2161490000076,66.87068939208984,174.71635300000798,0
767,2.2726058959960938,2.5245740000059413,5.225658416748047,6.030237999993915,134.61756706237793,124.16888699999618,62.729597091674805,214.2933569999741,0
768,0.7417201995849609,1.1081650000051013,6.058216094970703,6.404195000015989,135.07699966430664,238.85264100005088,65.13857841491699,104.62561599996434,0
769,0.7166862487792969,1.067977999980485,5.066871643066406,4.133230999968873,142.64273643493652,255.31251400002475,64.96453285217285,103.02115000001777,0
770,1.508474349975586,2.36590399998704,10.434389114379883,10.525510999968901,201.0178565979004,360.4131339999981,58.81547927856445,91.69261099998494,0
771,3.9932727813720703,6.573504000016328,4.636526107788086,5.509221000011166,197.50094413757324,280.9830030000171,60.250282287597656,168.02204900000106,0
772,1.003265380859375,1.5118349999738712,7.246494293212891,7.840574999988803,139.40143585205078,184.6514140000295,58.00127983093262,158.2951550000189,0
773,1.7116069793701172,2.5246390000006613,6.06846809387207,5.625690999977451,139.51635360717773,191.35751900000741,60.125112533569336,151.23061499997448,0
774,2.2897720336914062,3.4627959999511404,7.80940055847168,8.262258999991445,146.38924598693848,204.85069900001918,57.83724784851074,148.00007800005233,0
775,1.6429424285888672,2.7461259999768117,4.879951477050781,5.193107000025066,153.07879447937012,217.6496320000183,62.86430358886719,153.1463079999753,0
776,0.7116794586181641,1.0653749999960382,5.511760711669922,5.901645999983884,138.9768123626709,198.8727840000024,57.26289749145508,142.04660500001864,0
777,1.7538070678710938,2.5545390000161206,5.057334899902344,6.01717799997914,138.65303993225098,252.7614149999522,63.878536224365234,97.20186199996306,0
778,2.1691322326660156,3.4998969999833207,9.390830993652344,10.607104000030176,138.88883590698242,213.0819239999937,57.15465545654297,129.57845299996507,0
779,1.0845661163330078,1.8143620000046212,5.7621002197265625,6.141831999968872,143.71657371520996,229.920189999973,60.332536697387695,124.05762199995252,0
780,0.7109642028808594,1.1091200000237222,5.757331848144531,6.125617999998667,141.11924171447754,232.9742459999693,57.06191062927246,112.88851000000477,0
781,1.7504692077636719,2.4783739999634236,3.4825801849365234,5.997321000052125,139.88995552062988,243.14971799998375,57.44576454162598,101.63431600000195,0
782,1.9965171813964844,2.858053000011296,8.042573928833008,7.842527000036625,136.1563205718994,246.89842399999407,58.94327163696289,89.41258700002663,0
783,0.9076595306396484,1.342515999965599,3.60870361328125,4.365855999992618,145.5848217010498,262.5008079999702,62.64853477478027,96.71012000001156,0
784,0.7696151733398438,1.1426259999893773,5.524158477783203,5.909627999983513,140.3193473815918,248.89099799997894,62.24822998046875,100.94933599998512,0
785,0.7889270782470703,1.2136369999780072,3.482818603515625,4.062165999982881,136.9016170501709,243.81494199997178,59.07130241394043,97.3030339999923,0
786,1.0371208190917969,1.6672799999923882,6.76727294921875,7.356024999978672,137.44091987609863,244.9329670000111,62.71839141845703,98.69641299997056,0
787,1.9068717956542969,2.762961000030373,4.373073577880859,5.933920000018134,134.5677375793457,241.1207700000091,63.59601020812988,100.73312599996598,0
788,0.9016990661621094,0.8358750000070359,12.29715347290039,12.274938000018665,139.76597785949707,249.58277500002168,60.63961982727051,98.78617499998654,0
789,0.7441043853759766,1.1442669999723876,4.337072372436523,4.830477999973937,148.28944206237793,267.82640699997273,63.01450729370117,98.20702000001802,0
790,2.934694290161133,4.031746999999086,15.083789825439453,14.971546999959173,147.09806442260742,135.7863220000013,57.54399299621582,221.75913899997113,0
791,0.8885860443115234,1.4583300000481358,4.103660583496094,4.663407000009556,135.69068908691406,237.10341700001436,63.12847137451172,104.45582400001285,0
792,1.9507408142089844,2.8067370000144365,9.105205535888672,8.948371999963456,145.0631618499756,263.11399100001154,57.74974822998047,91.21515599997565,0
793,1.9588470458984375,2.7670229999898766,3.9343833923339844,5.928758999971251,143.25547218322754,258.9480960000401,61.31601333618164,96.56572500000493,0
794,1.928091049194336,2.757169000005888,6.614923477172852,6.763222000017777,143.64933967590332,230.40052099997865,61.205387115478516,124.82491399998707,0
795,0.7081031799316406,1.0505359999797292,3.6165714263916016,4.165187000012338,140.39230346679688,129.58756299997276,57.30485916137695,214.59197800004404,0
796,2.076864242553711,2.9172630000289246,6.8378448486328125,6.787694999957239,138.65351676940918,250.21487899999784,59.0364933013916,91.32754199998772,0
797,1.0068416595458984,1.570687999958409,5.179882049560547,6.003681000038341,145.1718807220459,254.81739899998956,58.12406539916992,97.0533910000313,0
798,0.8127689361572266,1.1704629999940153,5.998849868774414,6.345559000010326,137.55154609680176,246.7178709999871,72.08013534545898,114.0532560000338,0
799,1.649618148803711,2.599537000037344,5.705118179321289,6.617157999983192,146.49558067321777,264.5539629999689,61.466217041015625,98.7766199999669,0
800,1.9152164459228516,2.7016579999781243,9.382963180541992,12.126012000010178,154.61349487304688,267.96338600001945,60.00089645385742,102.69043600004579,0
801,1.3873577117919922,1.8383459999995466,5.575895309448242,6.455039999991641,143.89824867248535,263.9170400000239,59.12494659423828,89.40402000001768,0
802,0.8149147033691406,1.2726909999969394,5.932092666625977,6.462464000037471,137.86077499389648,243.7678149999556,64.29839134216309,109.20382900002323,0
803,2.0265579223632812,2.9152550000048905,8.213520050048828,10.862650999968082,154.616117477417,281.8387259999895,67.2910213470459,97.61493500002416,0
804,2.0923614501953125,3.364679000014803,10.299205780029297,10.369974000013826,147.74680137634277,142.1622500000126,61.041831970214844,217.26944800002457,0
805,0.7264614105224609,1.0778609999988475,3.172636032104492,3.7548110000216184,141.88623428344727,257.4648190000062,62.697649002075195,95.61831800004938,0
806,1.180887222290039,1.503145000015138,6.677389144897461,7.275146999973003,135.6515884399414,243.8369480000233,59.389591217041016,94.10047500000474,0
807,0.8602142333984375,1.240457999983846,3.5486221313476562,4.135174999987612,141.7996883392334,253.01580199999307,60.6846809387207,95.70545399998309,0
808,1.1599063873291016,1.7879350000384875,10.548591613769531,11.721413000032044,145.0643539428711,259.76839300000165,58.576345443725586,95.75495100000353,0
809,1.9571781158447266,2.7639159999921503,4.938840866088867,5.063059999997677,139.27292823791504,249.1928129999792,61.119794845581055,99.33237899997494,0
810,1.9733905792236328,2.8321309999910227,7.245540618896484,7.165815999996994,139.92857933044434,255.3142759999787,58.86721611022949,90.97216399999297,0
811,1.310586929321289,2.20087700000704,3.961324691772461,4.555622999987463,135.0724697113037,241.10337900003742,58.22396278381348,95.36337899999126,0
812,1.2750625610351562,1.774388999990606,6.824254989624023,8.438473000012436,135.85591316223145,245.42186700000457,82.64636993408203,115.0994889999879,0
813,2.184629440307617,3.751805999968383,6.711244583129883,7.932132999997066,139.12272453308105,247.81532500003323,58.274030685424805,95.6096340000272,0
814,0.7238388061523438,0.6707910000045558,7.480859756469727,8.056055999986711,137.45951652526855,246.1501930000054,59.06486511230469,96.91508299999896,0
815,0.8113384246826172,1.1871940000105496,3.6215782165527344,4.435155000010127,140.9614086151123,252.12064700002657,59.3266487121582,96.8858929999783,0
816,0.8382797241210938,1.3062790000049063,8.547544479370117,8.944930999973622,137.9091739654541,243.14081500000384,61.18202209472656,100.12657999999419,0
817,1.9252300262451172,2.7066579999655005,4.461765289306641,4.73131100000046,144.14238929748535,257.0866780000074,59.99636650085449,96.49397599997656,0
818,0.6885528564453125,1.0235490000241043,6.933689117431641,7.213281000019833,142.20952987670898,252.80412900002602,78.5512924194336,124.70222500002137,0
819,0.7579326629638672,1.1014329999738948,8.101463317871094,8.308913999997003,159.26146507263184,285.0952929999835,63.25674057006836,101.00945099998171,0
820,0.7536411285400391,1.1405340000010256,5.638599395751953,6.084507999958078,145.94602584838867,261.1176730000011,59.11993980407715,98.37927800003854,0
821,1.7595291137695312,3.0492370000274605,3.4704208374023438,4.077123000001848,139.7709846496582,250.01518300001635,59.17096138000488,95.43600900002502,0
822,2.0542144775390625,2.772216999971988,6.40106201171875,7.170379999990928,140.7296657562256,248.97834399996555,60.2116584777832,100.76965799999016,0
823,0.9148120880126953,1.1328059999868856,2.9790401458740234,3.576307999992423,148.67162704467773,222.29304800004002,57.881832122802734,135.6001890000016,0
824,0.6854534149169922,1.0465420000400627,5.873441696166992,6.259624999984226,138.05556297302246,248.19710299999542,63.607215881347656,98.8799170000334,0
825,0.8151531219482422,1.1577010000110022,3.712177276611328,4.276705999984642,205.76047897338867,245.95106399999622,60.210227966308594,220.28028300002234,0
826,4.107475280761719,6.78864200000362,6.32786750793457,6.659407000029205,134.82952117919922,239.85515700002225,72.96276092529297,112.61626800001068,0
827,1.9290447235107422,2.714445000037813,4.847049713134766,5.047425000043404,209.60354804992676,350.5860969999617,57.19447135925293,120.48125099994422,0
828,1.9183158874511719,2.7262670000141043,7.047414779663086,7.740255999976853,195.4936981201172,272.7931759999933,63.799142837524414,180.18486600004735,0
829,2.249479293823242,2.9559440000070936,7.128000259399414,7.065490000002228,145.097017288208,178.0111240000224,62.68906593322754,180.41063200001872,0
830,2.8083324432373047,3.0061960000011823,9.182214736938477,8.905012000013812,180.5722713470459,319.2951870000229,57.410240173339844,98.03507399999489,0
831,0.759124755859375,1.1294560000010279,4.694223403930664,5.439501999944696,216.2761688232422,330.2628559999903,75.35219192504883,174.5874380000032,0
832,1.6863346099853516,2.497524999967027,16.86573028564453,18.765379999990728,344.038724899292,623.0358290000026,60.86921691894531,100.90986500000554,0
833,1.3930797576904297,2.1340489999488454,4.46319580078125,5.0031640000156585,144.08326148986816,259.3526670000301,61.0804557800293,97.8503450000403,0
834,1.8994808197021484,2.6918279999676997,6.261587142944336,6.467464000024847,139.4643783569336,247.0289710000202,58.74204635620117,99.29485300000351,0
835,0.9257793426513672,1.2739900000156013,4.243612289428711,4.743489000020418,135.6663703918457,245.8415460000083,16.120195388793945,25.292632999992293,0
836,0.4608631134033203,8.857157999955234,3.5669803619384766,5.159090000006472,170.44806480407715,312.1998600000211,65.56510925292969,98.63188600002104,0
837,2.3462772369384766,2.4990169999909995,5.899906158447266,6.730376000007254,140.20633697509766,256.23362900000757,63.54093551635742,94.91702499997245,0
838,2.908945083618164,2.782566999997016,6.577730178833008,6.552845999976853,162.55664825439453,290.95012499999484,59.16738510131836,99.77736600001208,0
839,0.9624958038330078,1.1666400000081012,3.1282901763916016,3.716819999965537,193.00222396850586,215.8496579999678,65.9339427947998,238.48100600002908,0
840,1.9993782043457031,2.785623999955078,20.82991600036621,20.31440399997564,311.107873916626,319.7248509999895,58.83979797363281,54.31863400002612,0
841,2.144336700439453,306.3487109999983,2.2499561309814453,5.187989999967613,159.79480743408203,291.86353099998996,62.80779838562012,94.50056299999687,0
842,1.0950565338134766,1.7717180000431654,7.159948348999023,7.292547000020022,192.4903392791748,335.6751489999965,107.97524452209473,154.81803899996294,0
843,2.1347999572753906,2.9340059999753976,5.01704216003418,5.7967440000084025,156.64124488830566,212.04235499999413,64.45455551147461,166.1808659999906,0
844,0.7979869842529297,1.1954340000102093,6.050825119018555,6.418686000017715,147.11713790893555,188.10873299997866,58.057546615600586,170.2463180000109,0
845,0.7150173187255859,1.0731539999824236,4.965782165527344,5.463072000054581,146.27408981323242,191.75812800000358,60.53757667541504,166.87753600001543,0
846,1.0848045349121094,1.62084299995513,9.43613052368164,10.0251700000058,141.3402557373047,248.7838570000349,59.4325065612793,101.60693299997092,0
847,1.918792724609375,2.710306999972545,5.012750625610352,5.524127999990469,139.6920680999756,182.0998840000243,59.02814865112305,163.40207100000725,0
848,0.7405281066894531,1.0983660000078999,5.648136138916016,6.128692999993746,139.9526596069336,192.15694700000086,79.1935920715332,183.73448900001677,0
849,2.446413040161133,3.8990410000110387,4.62031364440918,5.2201409999952375,164.23439979553223,198.00260499999922,62.749385833740234,190.13366299998324,0
850,1.0600090026855469,1.609619999953793,8.425474166870117,8.984007999970345,144.1807746887207,260.7775390000029,69.86427307128906,101.92007000000558,0
851,2.8541088104248047,4.179690000000846,6.853342056274414,8.55967700005067,155.86066246032715,169.21840600002724,56.746721267700195,201.40844299999117,0
852,1.0976791381835938,1.6650329999947644,6.678104400634766,7.23550800000794,148.11182022094727,263.31058100004157,60.92214584350586,101.38432200000125,0
853,0.7047653198242188,1.09986900002923,4.338979721069336,4.938394000021162,135.8952522277832,149.8813709999922,57.90138244628906,187.04360300000644,0
854,2.600431442260742,3.713262000019313,11.141061782836914,13.50401399997736,160.08591651916504,177.92572999996992,58.25543403625488,205.8971409999799,0
855,1.9130706787109375,2.7022480000482574,3.871917724609375,4.434966000019358,135.9579563140869,135.41662199997972,56.313276290893555,196.21532200000047,0
856,1.5473365783691406,2.437111000006098,6.018400192260742,6.231309999975565,154.1597843170166,160.3214419999972,65.24825096130371,219.19228999996676,0
857,0.8957386016845703,1.3029880000203775,4.446268081665039,5.033865000029891,158.47229957580566,278.8507199999799,88.40441703796387,130.5109420000008,0
858,1.9228458404541016,3.0122519999622455,12.527704238891602,13.280103999989024,140.10119438171387,148.5827170000107,57.23690986633301,193.56024799998295,0
859,1.9202232360839844,2.712273999975423,4.390239715576172,5.284554000013486,138.1521224975586,243.85889500001667,63.96150588989258,104.04869199999212,0
860,3.160715103149414,4.4933000000355605,10.011434555053711,10.035738999988553,141.80326461791992,170.57486199996674,59.68952178955078,173.49066900004573,0
861,0.7348060607910156,1.0753150000368805,4.062891006469727,4.572316000007959,140.28072357177734,255.95921800004362,62.08157539367676,93.89769199998454,0
862,1.0950565338134766,1.0343470000293564,6.1798095703125,6.5252130000317266,141.15667343139648,178.4146329999885,63.44437599182129,172.20776600004228,0
863,2.835988998413086,5.024854999987838,3.4494400024414062,4.048321000027499,134.84501838684082,240.53238099997998,63.654422760009766,101.32416400000466,0
864,0.7877349853515625,1.2398610000445842,5.530834197998047,5.926923000004081,171.55742645263672,169.68095099997527,58.76517295837402,233.2177179999917,0
865,0.7245540618896484,1.085061000026144,3.863811492919922,4.393143000015698,185.50467491149902,331.74386199999617,64.46290016174316,104.66859699999986,0
866,2.094745635986328,2.8882749999752377,8.74638557434082,9.198760999993283,147.87769317626953,264.9088030000257,65.63496589660645,103.70584899999358,0
867,0.7443428039550781,1.117843000031371,3.042459487915039,3.636309999990317,199.05447959899902,276.50048399999605,57.431936264038086,170.67980399997396,0
868,1.497507095336914,2.5664560000109304,10.365009307861328,10.368930999959503,236.80543899536133,423.8771130000032,61.20109558105469,101.09197199994924,0
869,1.8999576568603516,2.7014809999741374,8.29768180847168,10.776432000000113,295.7916259765625,529.6773929999858,59.183359146118164,102.29812000000038,0
870,0.9582042694091797,1.3725270000009004,6.864070892333984,7.204576000049201,164.02840614318848,273.74368400001003,59.01288986206055,116.22068999997737,0
871,1.739501953125,2.542906000030598,3.2219886779785156,3.72157800001105,138.98706436157227,249.8754630000235,58.3033561706543,94.32290699999157,0
872,3.4999847412109375,5.8513259999699585,6.741046905517578,7.810956000014357,136.9335651397705,224.9579269999913,58.3035945892334,115.14600200001723,0
873,1.760721206665039,2.6363210000113213,4.244327545166016,5.915603000005376,136.7661952972412,249.8556399999643,58.727264404296875,89.9270250000086,0
874,0.6971359252929688,1.0829269999703683,5.702018737792969,6.079249000038089,135.2710723876953,124.87089800004014,63.48729133605957,219.17688600001384,0
875,2.0096302032470703,2.8617379999786863,8.339881896972656,9.138710999991417,174.32737350463867,311.5761290000023,60.128211975097656,97.49236900000824,0
876,0.9105205535888672,1.4093310000475867,9.236574172973633,10.023017000037271,148.35429191589355,263.7836900000252,59.41176414489746,99.22263700002532,0
877,1.7042160034179688,2.5432460000160972,4.683971405029297,6.369110000036926,136.5501880645752,243.85312599997633,66.61581993103027,104.92426499996554,0
878,1.4362335205078125,2.4654950000240206,6.819725036621094,7.134782999969502,144.4387435913086,255.82638399998814,62.599897384643555,103.801696000005,0
879,1.8978118896484375,2.7362929999981134,5.107641220092773,5.730625999945005,139.17231559753418,252.7132739999729,64.24212455749512,98.68545999995604,0
880,1.6248226165771484,2.7474390000179483,8.087396621704102,8.526340999992499,148.78582954406738,264.1574620000142,66.03598594665527,111.27391200000147,0
881,1.9040107727050781,2.7018619999807925,5.050420761108398,5.402305000018259,136.0604763031006,247.80000000004065,58.30836296081543,91.37664400003587,0
882,2.124309539794922,3.0169709999654515,11.343240737915039,11.200992999988557,141.6923999786377,249.48695000000498,58.653831481933594,100.0191900000118,0
883,2.217531204223633,3.033243000004404,6.355524063110352,6.3696670000013,134.1991424560547,239.03390700002092,59.23652648925781,97.7057430000059,0
884,1.4023780822753906,2.383516999998392,6.261110305786133,6.599507999965226,150.4824161529541,268.40945600002897,61.03706359863281,103.13625800000636,0
885,1.912832260131836,2.724667999984831,4.128456115722656,4.298806999997851,140.90585708618164,183.7163679999776,59.700727462768555,164.44610799999282,0
886,0.7343292236328125,1.1101009999947564,5.586385726928711,5.999893000023349,143.17941665649414,257.44112600000335,58.29453468322754,94.66952799999717,0
887,2.305269241333008,3.228941000031682,5.880117416381836,6.766684000012901,141.0982608795166,250.34100499999568,59.21125411987305,98.94584500000292,0
888,0.7266998291015625,1.0722659999942152,5.537748336791992,5.924421000031543,142.7161693572998,261.27024599998094,60.66155433654785,92.93970900000659,0
889,2.066373825073242,3.1236690000469025,9.706497192382812,11.925887000018065,141.73626899719238,257.51361199996836,60.52064895629883,93.47445800000287,0
890,1.9066333770751953,2.691421999998056,6.418466567993164,6.431465999980901,147.1712589263916,261.37185199996793,61.68937683105469,102.91811299998699,0
891,2.4242401123046875,3.1388219999826106,8.256673812866211,8.33625600000687,138.7953758239746,251.07629100000395,61.16175651550293,97.10237500001995,0
892,1.8963813781738281,2.675328999998783,6.307840347290039,6.440187999999125,136.53850555419922,245.6336179999994,64.69106674194336,100.76183000001038,0
893,1.943349838256836,2.730031999988114,6.598472595214844,6.831933000000845,145.13731002807617,256.73105900000337,58.51554870605469,97.14837100000295,0
894,0.7824897766113281,1.164926999990712,6.541013717651367,7.0969600000125865,139.4190788269043,247.4107390000313,63.371896743774414,102.57381699994994,0
895,2.4805068969726562,2.229635999981383,4.362344741821289,4.8861340000030395,138.9756202697754,254.0027210000062,62.735795974731445,103.18612600002552,0
896,0.7889270782470703,1.2216679999710323,6.183147430419922,6.57933799999455,195.77646255493164,351.8337980000297,81.15196228027344,136.33399399998325,0
897,0.7805824279785156,0.7230550000372205,3.9649009704589844,4.522479999991447,136.31677627563477,179.25984299995434,58.24446678161621,156.79349399999865,0
898,1.947641372680664,2.7842200000236517,7.317066192626953,8.04244299996526,135.2527141571045,237.6468530000011,60.68277359008789,101.8253350000009,0
899,1.9681453704833984,2.7752799999802846,5.223989486694336,5.3699290000395195,149.88183975219727,242.15871000001243,61.99312210083008,123.54885600001353,0
900,0.7619857788085938,1.0191140000301857,7.179021835327148,7.441045000007307,162.50085830688477,154.11531799998102,59.389591217041016,234.854533000032,0
901,1.527547836303711,2.1951130000275043,4.230737686157227,4.644509000002017,153.41567993164062,273.69667200002823,58.187246322631836,97.3101850000262,0
902,1.2481212615966797,2.1058070000208318,5.694150924682617,6.070867999994789,139.51897621154785,254.25919799999974,62.05296516418457,94.7098049999795,0
903,0.8478164672851562,1.272502999995595,3.187894821166992,3.9369969999825116,147.59254455566406,262.2154580000142,58.07781219482422,94.11198099996909,0
904,2.001047134399414,2.979277000008551,10.50567626953125,13.254525999968791,137.21466064453125,179.7239599999898,61.78736686706543,161.47323400002733,0
905,0.6983280181884766,1.0817190000125265,3.988981246948242,4.507181999997556,142.83442497253418,261.08922899999243,65.03844261169434,96.0058960000083,0
906,2.396106719970703,4.0777739999953155,9.992599487304688,10.613465999995242,143.90254020690918,203.70775699996102,59.46636199951172,146.94892900001832,0
907,0.7593631744384766,1.179492999995091,3.3571720123291016,3.950036999981421,144.20485496520996,256.6532110000139,61.704397201538086,100.34038300000248,0
908,0.9150505065917969,1.457387000016297,6.147861480712891,6.687269999986256,136.88969612121582,241.94709199997533,58.08544158935547,98.5093770000276,0
909,0.79345703125,1.1451589999751377,4.0531158447265625,4.563474999997652,158.5829257965088,288.571012000034,91.17507934570312,141.80637499998738,0
910,1.249074935913086,1.873118999981216,14.180660247802734,14.607484000009663,158.04696083068848,260.640229000046,61.1112117767334,120.63833500002374,0
911,1.0998249053955078,1.6038820000403575,4.047155380249023,4.990293999981077,139.87445831298828,237.6718369999935,56.80084228515625,105.5579439999974,0
912,2.1784305572509766,3.000468000038836,6.307840347290039,6.347386000015831,139.27912712097168,247.2753760000046,56.19454383850098,94.93144499998607,0
913,2.0596981048583984,2.8653610000333174,4.49371337890625,4.6352339999771175,138.95630836486816,250.57180199996765,58.254241943359375,91.88423100005139,0
914,1.9810199737548828,2.7579659999901196,7.036685943603516,7.70050099998798,141.54314994812012,251.8507310000473,69.94867324829102,106.67379400001664,0
915,1.6069412231445312,2.671336999981122,7.5702667236328125,8.414551000043957,160.3388786315918,283.35391900003515,60.89425086975098,100.28372400000762,0
916,0.827789306640625,1.2401150000300731,6.846189498901367,7.201253999994606,146.48127555847168,249.80849799999305,55.89795112609863,104.63115200002449,0
917,0.7812976837158203,1.168110000037359,3.73077392578125,4.296200999988287,149.72734451293945,271.4183759999855,58.86697769165039,92.29010899997547,0
918,1.9600391387939453,2.7453559999912613,10.289192199707031,10.706653999989157,138.0147933959961,246.11584499996297,66.33877754211426,103.53121800000054,0
919,0.8270740509033203,1.3564639999685824,4.1713714599609375,4.6822259999999005,136.23809814453125,230.44773299994858,57.79910087585449,107.13096900002483,0
920,1.4340877532958984,2.2697249999623637,6.79326057434082,7.4211020000234384,144.10710334777832,250.55297099999052,56.77080154418945,100.36749800002553,0
921,0.8401870727539062,1.3484330000324007,5.211353302001953,5.667762000030052,138.38815689086914,244.74910399999317,58.11929702758789,97.30213699998558,0
922,1.7864704132080078,2.651015000026291,6.143331527709961,6.1095259999888185,141.0973072052002,257.3070859999689,58.998823165893555,90.09923799999342,0
923,2.8030872344970703,4.133707999983471,5.970239639282227,7.275397000000794,163.41257095336914,241.78617199999053,58.13884735107422,144.99920599996585,0
924,2.0160675048828125,2.814529999966453,9.600400924682617,10.349649000033878,149.4615077972412,266.33996999999,81.44330978393555,123.56780100003562,0
925,1.5044212341308594,2.3626540000236673,3.4377574920654297,3.9798249999876134,143.39637756347656,253.08085800003255,62.78276443481445,103.21539900002108,0
926,1.0993480682373047,1.7447139999831052,7.8334808349609375,8.329935999995541,144.2251205444336,253.13843499998256,58.092355728149414,97.78706800000236,0
927,0.6992816925048828,1.0438150000027235,4.109859466552734,4.624278999983744,136.53874397277832,245.7446580000351,59.453725814819336,94.30495199995903,0
928,1.749277114868164,2.5977039999816043,7.044553756713867,7.944355999995878,138.7007236480713,248.07100099997115,69.44847106933594,104.01023200000736,0
929,1.9943714141845703,2.881003000027249,6.969451904296875,7.943008000040663,142.36998558044434,260.2807580000217,60.50610542297363,91.32921299999452,0
930,0.7045269012451172,1.0443109999869193,5.5999755859375,5.981899999994766,139.8930549621582,253.40922499998442,60.28485298156738,93.20264799998768,0
931,0.7309913635253906,1.1545919999775833,3.345012664794922,3.9384759999734342,137.10308074951172,241.85519700000668,61.396121978759766,102.25488399998994,0
932,1.9142627716064453,2.7175839999813434,8.50820541381836,8.575341999971897,158.64872932434082,289.1813070000353,58.88772010803223,90.0081589999786,0
933,1.8305778503417969,2.622233000010965,3.4248828887939453,3.6064889999920524,148.4079360961914,263.40022800002316,58.579206466674805,97.99821200004999,0
934,1.7292499542236328,2.5309929999934866,6.7768096923828125,6.690544999969461,134.98640060424805,241.1301259999732,59.648752212524414,96.25718600000255,0
935,1.5227794647216797,2.387362000035864,3.439188003540039,4.147478999982468,161.3485813140869,283.51621000001614,65.19484519958496,101.66524299995672,0
936,2.205371856689453,3.1281539999667984,7.478475570678711,7.396682000035071,136.45434379577637,125.96231800000623,58.82716178894043,212.49359699999104,0
937,0.6914138793945312,1.0223019999671124,2.7756690979003906,3.3870390000174666,134.76848602294922,243.19894199999226,62.96682357788086,97.77767599996423,0
938,1.1241436004638672,1.8987070000093809,5.961179733276367,6.315467999968405,138.69404792785645,246.947759999955,56.751251220703125,96.39984700004334,0
939,1.9373893737792969,1.8710939999664333,5.980014801025391,6.010532000004787,134.3996524810791,244.49367500000108,59.38982963562012,93.20285199999034,0
940,5.289793014526367,3.401991000032467,11.47913932800293,12.811606999946434,149.18804168701172,271.4218590000428,61.58614158630371,92.85454699994489,0
941,0.7889270782470703,1.1419690000025184,3.8754940032958984,4.3987770000057935,139.03403282165527,254.4670730000007,60.18185615539551,91.40155699998331,0
942,0.7493495941162109,0.6943700000192621,7.590055465698242,7.568263999985447,136.6870403289795,249.4273679999992,59.66758728027344,90.11458300000186,0
943,2.007722854614258,3.3163780000222687,4.690408706665039,5.219780000004448,143.73397827148438,256.42551499998945,62.47901916503906,102.87765200001786,0
944,0.7672309875488281,1.1479990000111684,5.882024765014648,6.243114999961108,185.71019172668457,336.40979799997694,78.66382598876953,120.11112500005083,0
945,0.7932186126708984,1.2293500000168933,4.196643829345703,4.7495410000237825,147.7196216583252,260.46982799999796,62.975168228149414,103.24862699997084,0
946,1.0793209075927734,1.6244919999621743,8.028507232666016,8.648940999989918,158.17713737487793,177.51802900005487,59.21339988708496,202.46345299995028,0
947,1.4183521270751953,1.8184599999813145,4.835605621337891,5.755488000033893,139.94526863098145,254.94198100000176,59.793710708618164,92.4674879999543,0
948,1.9001960754394531,2.702554999984841,7.930517196655273,7.802383999944595,182.09004402160645,331.18741800001317,100.5105972290039,163.9472699999942,0
949,2.241849899291992,2.8199569999856067,4.553556442260742,4.744827000024543,348.46043586730957,633.9389449999544,58.82406234741211,96.38960099999849,0
950,1.651763916015625,2.464175999989493,6.325244903564453,6.25993500000277,142.92335510253906,251.3084729999946,58.53462219238281,98.2422280000037,0
951,1.7189979553222656,2.521940999997696,3.6792755126953125,3.91370500000221,338.8805389404297,612.0980249999661,60.83106994628906,94.47284499998432,0
952,4.439353942871094,5.076271999996607,6.0272216796875,6.231291000005967,188.91048431396484,343.67728099999795,61.521053314208984,95.12238799999295,0
953,1.9261837005615234,2.735733999998047,8.151769638061523,8.00685799998746,171.76198959350586,306.6879720000202,63.8577938079834,103.11280400003398,0
954,0.7109642028808594,0.6587130000070829,9.225606918334961,9.251075999998193,183.2118034362793,332.94744799997034,57.66034126281738,91.50348500003247,0
955,2.1514892578125,2.937558999974499,4.410505294799805,5.8303859999568886,134.02581214904785,238.86190799998985,65.4594898223877,104.10232999998925,0
956,4.713535308837891,4.622724000000744,9.354352951049805,10.25503200003186,330.918550491333,354.4891529999745,65.03796577453613,349.31787099998246,0
957,1.392364501953125,2.0029760000284114,7.760047912597656,12.015915000006316,172.27816581726074,309.8813710000172,64.80669975280762,99.0730830000075,0
958,2.0227432250976562,2.6704370000061317,7.74073600769043,7.562827000015204,165.27557373046875,297.2449399999846,59.74721908569336,96.69413099999247,0
959,1.950979232788086,2.7575809999689227,7.114887237548828,6.9917820000000575,264.41383361816406,475.02084400002786,59.400081634521484,100.47870900001499,0
960,1.9254684448242188,2.7085549999696923,8.016109466552734,7.6410540000324545,135.08915901184082,236.79149099996266,59.05294418334961,100.36608299998306,0
961,1.558065414428711,2.067368999973951,4.868745803833008,7.342950999998266,176.69153213500977,321.59803199999715,69.78034973144531,102.78099999999313,0
962,2.027750015258789,2.825435000033849,17.79007911682129,17.170452000016212,200.5932331085205,324.2938209999693,63.16852569580078,141.71698499995955,0
963,0.7176399230957031,1.0940429999664048,2.8791427612304688,3.483354000024974,177.54077911376953,247.2602150000398,58.30693244934082,166.63079300002437,0
964,1.6994476318359375,2.523254999971414,6.285667419433594,7.028128000001743,207.79061317443848,316.20158500004436,105.18121719360352,94.7337540000035,0
965,1.0323524475097656,1.5794349999964652,6.029605865478516,6.791452000015852,157.426118850708,271.70722200003183,61.53535842895508,103.44127599995545,0
966,0.7352828979492188,1.112623999972584,8.643627166748047,8.85352199998124,158.15472602844238,285.5443650000211,93.74785423278809,137.16428999998698,0
967,1.7642974853515625,2.9726110000183326,5.695104598999023,6.615012999986902,158.81633758544922,233.74562700001889,58.43853950500488,143.68632500003287,0
968,3.70025634765625,6.212075000007644,6.519556045532227,6.742062000000715,139.7383213043213,249.0319510000063,58.70676040649414,96.7419549999704,0
969,0.7731914520263672,1.159717999996701,3.1812191009521484,3.7627060000318124,141.4337158203125,253.27005599996255,76.39122009277344,114.5173209999939,0
970,1.1680126190185547,1.0819740000442835,10.832071304321289,10.772336999991694,167.33503341674805,232.16951599999902,75.43802261352539,181.74551200002043,0
971,2.215862274169922,3.1612590000236196,5.486726760864258,5.876935999992838,141.21770858764648,250.31114299997625,61.37275695800781,100.89969799997789,0
972,1.215219497680664,1.3880089999815937,7.7457427978515625,8.149931999980708,142.61651039123535,253.1660939999938,58.25638771057129,95.74714700005416,0
973,1.0852813720703125,1.7787310000016987,3.6377906799316406,4.194331000007878,139.9369239807129,248.638958000015,66.97821617126465,104.32070400003113,0
974,1.8248558044433594,2.647654999975657,13.364315032958984,13.558784999986528,145.2615261077881,259.6656750000079,61.35821342468262,96.43128099997966,0
975,0.7297992706298828,1.1114579999684793,5.442619323730469,6.038255000021309,156.89635276794434,285.89077899999893,59.73982810974121,94.45080099999359,0
976,1.9550323486328125,2.762200999995912,9.256601333618164,8.980618999999024,141.50500297546387,250.12577199998987,59.532880783081055,98.40607400002455,0
977,1.7583370208740234,2.5866400000040812,4.5223236083984375,4.656624000006104,141.5269374847412,257.49204100003453,60.12725830078125,92.54541100000324,0
978,0.7102489471435547,0.6578779999699691,6.938934326171875,6.8414320000442785,139.03284072875977,249.79757699998117,59.938907623291016,93.50007299997287,0
979,1.898050308227539,2.691027999958351,5.853176116943359,6.2589159999788535,140.63739776611328,247.19093599998132,64.6209716796875,104.4395480000162,0
980,4.029273986816406,7.140305000007174,10.13493537902832,10.777245000042512,179.57735061645508,322.7322070000014,63.404083251953125,102.18742500001099,0
981,2.157926559448242,2.993086999993011,4.81104850769043,4.956364000008762,143.4013843536377,260.70397299997694,57.482004165649414,90.18971299997247,0
982,0.9090900421142578,1.4224029999923005,8.195638656616211,8.673263999980918,138.9009952545166,251.48679500000526,58.37082862854004,92.53228500000432,0
983,1.432657241821289,2.445440000030885,3.353118896484375,3.976757000032194,137.0067596435547,242.0118669999738,60.71305274963379,100.5082749999815,0
984,1.870870590209961,2.662000999976044,6.962060928344727,6.935145999989345,153.50747108459473,181.4227940000137,58.51387977600098,187.63449300001867,0
985,1.7917156219482422,2.799487999993744,5.23066520690918,8.557730000006813,143.83721351623535,264.2822459999934,66.73598289489746,97.98803399996814,0
986,1.363992691040039,2.0265539999968496,8.840560913085938,9.614554000052067,141.43633842468262,171.71187600001758,59.6621036529541,175.87830400003668,0
987,0.7967948913574219,1.1306659999945623,4.068136215209961,4.582165000044824,136.82103157043457,240.6235929999525,59.21816825866699,100.73019999998678,0
988,2.9315948486328125,5.227901000012025,5.843162536621094,6.217932000026849,137.75205612182617,127.15976900000214,58.237314224243164,213.8831599999662,0
989,0.6976127624511719,1.094863999981044,3.443002700805664,4.014116999996986,136.0340118408203,244.31281199997557,68.97544860839844,107.97686799998019,0
990,1.8815994262695312,2.7286410000328942,6.724834442138672,6.638960999964638,146.18945121765137,267.12188400000514,61.77830696105957,94.00202899996657,0
991,2.0432472229003906,2.8343790000349145,4.6787261962890625,4.810851999991428,152.02713012695312,273.64243300002045,60.64176559448242,96.61658400000306,0
992,0.7002353668212891,1.033220000010715,6.428003311157227,7.023297999978695,146.07906341552734,264.19846100003497,63.81106376647949,94.19986900002186,0
993,1.40380859375,2.3684989999992467,4.67991828918457,5.470230000014453,136.9619369506836,245.19346800002495,58.362722396850586,94.66499600000589,0
994,0.8018016815185547,1.203697999983433,5.598783493041992,5.988220999995519,137.3748779296875,247.78199200000017,71.83122634887695,114.37889400002632,0
995,1.821756362915039,2.665825000008226,5.393505096435547,5.547725000042192,144.64306831359863,263.1090969999832,59.41343307495117,91.6216399999712,0
996,3.3011436462402344,2.724376999992728,8.342504501342773,8.177804000013111,141.4639949798584,251.9698159999848,58.32505226135254,98.16658299996561,0
997,1.5892982482910156,2.445230000034826,5.006313323974609,5.872393999993619,140.6099796295166,248.36720300004345,57.77454376220703,98.23811500001511,0
998,1.1379718780517578,1.895652000030168,6.207466125488281,6.538143999989643,137.85457611083984,245.8746610000162,64.54157829284668,102.57349199997634,0
999,2.2127628326416016,2.152585000033014,5.365133285522461,6.375525999999354,152.9538631439209,272.24038499997505,61.5234375,98.60378499996614,0
1000,0.9624958038330078,1.5916030000084902,8.30221176147461,8.478206000006594,141.69716835021973,257.8226840000184,62.71648406982422,95.92314299999316,0
1001,0.7069110870361328,0.6525680000208922,4.611730575561523,4.9506110000265835,145.43676376342773,262.0136740000021,66.3602352142334,100.35243099997615,0
1002,1.993417739868164,3.3559479999780706,10.227203369140625,10.771438000006128,188.57312202453613,336.7859179999755,56.78844451904297,97.0624650000218,0
1003,1.7695426940917969,2.5705790000074558,4.121065139770508,5.128044999992198,148.99206161499023,184.34297400000332,68.56989860534668,186.67860599998676,0
1004,2.216815948486328,3.1701479999810545,7.927179336547852,8.178503999999975,135.2214813232422,245.7048660000396,85.8907699584961,131.4103689999797,0
1005,2.5031566619873047,4.274872999985746,5.973100662231445,6.987338999977055,150.81501007080078,267.45798100000684,63.6904239654541,104.71452299998418,0
1006,0.797271728515625,0.737893999996686,9.835243225097656,10.0208039999643,178.9398193359375,326.01116500001126,64.84627723693848,97.07802200000515,0
1007,2.4437904357910156,3.6236550000126044,5.405664443969727,6.430362000003242,138.54694366455078,245.3175539999961,67.2614574432373,108.76660899998569,0
1008,1.1601448059082031,1.890285000001768,6.707191467285156,7.20501999995804,138.05437088012695,247.27308199999243,59.56721305847168,96.03528699994968,0
1009,1.737833023071289,2.5596629999995457,4.606723785400391,5.75873100001445,137.6512050628662,248.8915929999962,57.94882774353027,93.29984800001512,0
1010,2.4046897888183594,3.6834429999998974,6.934881210327148,6.880485000010594,146.2864875793457,265.8855700000231,58.69555473327637,91.38908700003867,0
1011,1.939535140991211,2.719081999998707,4.102945327758789,4.762760999994953,150.5575180053711,270.43678000001137,62.92104721069336,100.53334000002678,0
1012,1.909017562866211,2.713480000011259,8.888483047485352,9.365615000035632,136.74187660217285,242.59709000000385,57.79314041137695,97.75179199999684,0
1013,0.7464885711669922,1.1700599999926453,4.296541213989258,5.054365999967558,148.50211143493652,269.2480030000297,58.356523513793945,93.32956200000808,0
1014,1.382589340209961,2.355551999983163,6.566762924194336,6.884887000012441,144.25086975097656,255.9996319999982,65.21177291870117,105.98359400000845,0
1015,1.89208984375,2.682131999961257,4.164218902587891,4.335208999975748,141.27206802368164,251.51168000002144,61.803579330444336,99.69705200001044,0
1016,2.439260482788086,3.38685699995267,11.518478393554688,11.258177000001979,145.1115608215332,254.60010000000466,59.62705612182617,101.46815199999537,0
1017,2.304553985595703,2.6187729999946896,5.306243896484375,5.512241000019458,143.88442039489746,256.14619000003813,57.558298110961914,94.68769700004032,0
1018,2.0084381103515625,2.864743000031922,7.046937942504883,7.0552569999904335,136.5063190460205,246.03411799995456,58.54487419128418,94.94150699998727,0
1019,1.9173622131347656,2.7178010000170616,3.701448440551758,4.044549000013831,134.39226150512695,125.38380899997037,67.12484359741211,217.16849199998478,0
1020,1.6543865203857422,2.4406129999761106,9.375333786010742,11.383829999999762,140.86079597473145,256.0429370000179,59.66043472290039,92.57676200002152,0
1021,1.9469261169433594,2.7370139999902676,5.105495452880859,5.200499000011405,180.01985549926758,319.35557299999573,57.65199661254883,97.50995699999976,0
1022,0.7607936859130859,1.0989170000357262,5.860567092895508,6.225591000031727,272.0625400543213,491.0531889999561,57.53636360168457,94.08058599996139,0
1023,2.3005008697509766,3.1086840000398297,3.9169788360595703,4.1649959999858766,142.55142211914062,254.83606300002748,58.269500732421875,94.94424999996909,0
1024,2.044677734375,3.0108639999752995,9.654521942138672,9.819848999995884,156.12053871154785,227.14715900002602,59.90171432495117,149.07004600001983,0
1025,0.7512569427490234,1.1204200000065612,3.6001205444335938,4.480252999996992,144.4387435913086,254.76274699997248,61.066627502441406,103.08198000001312,0
1026,2.6574134826660156,3.4367790000260356,7.9784393310546875,7.81229199998279,363.3124828338623,513.8529800000242,58.02774429321289,240.09788600000093,0
1027,1.950979232788086,2.769093999972938,6.760835647583008,9.429200999989007,272.4895477294922,497.8468590000489,62.60800361633301,95.12582700000394,0
1028,1.9690990447998047,2.804652999998325,6.314754486083984,6.369282999969528,170.12524604797363,307.96134600001324,59.20529365539551,94.37231700002258,0
1029,1.9690990447998047,2.793762000010247,4.930734634399414,5.801950999966721,154.6010971069336,211.83828300002006,58.93826484680176,159.55258799999683,0
1030,1.3992786407470703,2.337011000008715,7.8716278076171875,8.070223000004262,137.16650009155273,242.0684969999911,58.10666084289551,98.31395700001622,0
1031,0.9920597076416016,1.5632749999667794,3.3719539642333984,3.9395120000449424,142.63057708740234,251.4244989999952,60.58979034423828,101.88345399996024,0
1032,0.7181167602539062,0.665517000015825,7.339239120483398,7.200422999972034,330.6853771209717,593.1774559999781,59.81302261352539,102.07877999999937,0
1033,1.0311603546142578,1.6950790000009874,2.979755401611328,3.6133240000140177,140.21754264831543,246.78892699995458,56.401968002319336,97.89302199999383,0
1034,0.8046627044677734,1.2033489999794256,7.353544235229492,8.079477999956453,138.11087608337402,244.52605400000493,58.420658111572266,98.81721299996116,0
1035,0.7538795471191406,1.121731000012005,9.327173233032227,10.265738000043712,149.04189109802246,260.83108000000266,60.11509895324707,102.17232599995896,0
1036,1.9102096557617188,2.7037149999955545,6.382465362548828,6.378074000053857,147.30429649353027,258.3053920000111,59.51809883117676,100.01789099999314,0
1037,1.0268688201904297,1.4235180000241598,6.484508514404297,4.502838000007614,143.0950164794922,257.639136000023,59.07320976257324,95.66969900004096,0
1038,2.0151138305664062,2.870940999969207,8.256912231445312,8.487397000010333,141.4194107055664,164.3609349999906,69.68259811401367,195.1759429999811,0
1039,1.0228157043457031,1.5022790000216446,4.371166229248047,5.265033000000585,141.87932014465332,256.61231100002624,58.34221839904785,90.22628899998608,0
1040,1.9733905792236328,2.821841000013592,7.205486297607422,7.188515999985157,141.41583442687988,253.35160800000267,63.149452209472656,97.93568899999627,0
1041,0.9810924530029297,1.2623220000023139,4.9762725830078125,5.583236999996188,140.59066772460938,165.1707999999985,57.58929252624512,181.32305300002827,0
1042,1.0178089141845703,1.6393380000181423,6.305217742919922,6.667703000005076,140.6996250152588,237.39928300000201,59.973955154418945,111.41697100003967,0
1043,0.9620189666748047,1.2092570000277192,3.4286975860595703,4.023048000021845,138.4117603302002,150.93782599996075,59.28993225097656,191.87236499999472,0
1044,4.533052444458008,7.11947100000998,11.355161666870117,13.902623999968,139.88590240478516,206.9614730000353,59.85212326049805,138.87897500001145,0
1045,1.739501953125,2.537539000002198,4.874467849731445,4.933888000039133,139.4498348236084,247.30541799999628,57.96933174133301,98.39126700001088,0
1046,0.9233951568603516,1.1089579999747912,5.77855110168457,6.148010000003978,156.53562545776367,283.5035580000067,79.15973663330078,116.74182300004077,0
1047,0.8251667022705078,0.7643330000064452,4.833459854125977,5.832039000040368,142.0278549194336,258.0819879999581,61.57994270324707,95.42069500002981,0
1048,1.453399658203125,2.1404259999826536,6.679534912109375,7.834806999994726,144.72699165344238,263.1378119999681,63.93575668334961,97.18588900000213,0
1049,1.7096996307373047,2.924258000007285,4.714250564575195,5.318388000034702,141.41464233398438,250.62711699996498,60.23693084716797,97.59428400002435,0
1050,0.7455348968505859,1.154800999984218,6.389141082763672,6.7046560000108,160.7983112335205,285.24695400000155,66.82658195495605,109.2511580000064,0
1051,3.1135082244873047,3.338790999976027,4.314422607421875,4.81568499998275,176.65743827819824,285.9219250000251,61.250925064086914,132.06407200004833,0
1052,0.7104873657226562,0.9943210000074032,5.719184875488281,6.10959499999808,148.06079864501953,222.66264699999283,62.20388412475586,141.7724949999979,0
1053,0.7266998291015625,1.0880959999894912,3.34930419921875,3.929010999968341,149.93882179260254,225.3338379999832,60.40596961975098,139.92170800003123,0
1054,0.8833408355712891,1.2886170000001584,6.202220916748047,6.6014430000223,166.72110557556152,187.83836099999007,61.55848503112793,210.36495900000318,0
1055,0.7715225219726562,1.110589000006712,4.723787307739258,4.214791000038076,150.21038055419922,250.48969300002,74.6300220489502,127.69148199998881,0
1056,0.8332729339599609,0.7726930000444554,8.867502212524414,9.013788999993722,178.32708358764648,247.91729499997928,69.54360008239746,176.40175499997213,0
1057,0.8535385131835938,1.3883729999975003,3.516674041748047,4.088404000015089,146.8331813812256,260.17883200000824,63.84706497192383,104.38502099998459,0
1058,0.7739067077636719,1.1847639999587045,5.736112594604492,6.128155999988394,142.02618598937988,254.83883800001195,63.15755844116211,96.55280100002983,0
1059,2.5839805603027344,3.667881000012585,5.2337646484375,5.6071879999990415,148.5276222229004,263.3862729999805,58.440446853637695,98.17462300003399,0
1060,1.2569427490234375,1.9727380000063022,9.238958358764648,9.838728999966406,139.38498497009277,254.7546650000072,59.33952331542969,90.47472499997866,0
1061,1.7688274383544922,2.6074890000131745,3.777742385864258,4.284808000022622,135.72287559509277,240.60988899998392,86.17734909057617,120.99678600003472,0
1062,1.413583755493164,2.1280550000142284,9.624481201171875,10.51380300003757,167.616605758667,294.73116899998786,57.62505531311035,101.88486800001328,0
1063,2.1975040435791016,3.0889549999528754,7.081270217895508,7.2148200000015095,144.26517486572266,256.79384500000424,58.84075164794922,96.46181400000842,0
1064,0.7565021514892578,1.118232999999691,7.311105728149414,7.651507999980822,136.36040687561035,244.4265309999878,60.34040451049805,94.94760199999064,0
1065,0.7619857788085938,1.1482649999834393,3.6382675170898438,4.4534970000427165,138.1697654724121,219.97453400001632,58.23826789855957,120.49276800001962,0
1066,2.0084381103515625,2.8757769999856464,6.709575653076172,7.641301000035128,135.3166103363037,124.91086999995105,76.29942893981934,228.40352299999722,0
1067,2.2826194763183594,2.571673999966606,5.637168884277344,6.502676000025076,156.39019012451172,281.71029800000724,61.75088882446289,99.1411300000209,0
1068,2.0186901092529297,3.439329999991969,9.047746658325195,9.65374800000518,143.25332641601562,194.06611499999826,58.13312530517578,156.18836199996622,0
1069,1.607656478881836,2.7766300000280353,3.8204193115234375,4.36496000003217,146.02375030517578,258.20647699998744,62.01362609863281,102.67190500002243,0
1070,2.1424293518066406,2.958044000024529,6.662607192993164,6.694690000017545,143.91684532165527,256.4029779999828,57.82580375671387,97.42556600002672,0
1071,1.7390251159667969,2.538877999995748,4.583835601806641,5.380064999997103,145.6751823425293,265.5418800000007,58.71152877807617,92.69844400000693,0
1072,1.0685920715332031,1.6326570000160245,7.332563400268555,7.825249999996231,146.71015739440918,267.63575100000025,69.25034523010254,100.7467530000099,0
1073,1.7266273498535156,2.5295590000382617,3.3545494079589844,3.894702000025063,141.95847511291504,259.9270950000232,58.80022048950195,90.55745299997398,0
1074,1.97601318359375,2.7793070000257103,7.559299468994141,7.809896000026129,144.9728012084961,257.7297029999954,60.74023246765137,101.00781300002382,0
1075,0.7016658782958984,0.6503500000007989,6.639719009399414,6.558307000034347,142.83442497253418,258.2959260000166,79.55741882324219,123.09396000000561,0
1076,3.493070602416992,4.309285000033469,10.427236557006836,10.386797000023762,141.371488571167,194.29365799999232,58.176279067993164,153.5029350000059,0
1077,0.8504390716552734,1.3785670000174832,4.1561126708984375,4.661129999988134,142.73810386657715,260.27711299997236,62.51716613769531,96.27290700001367,0
1078,1.2090206146240234,1.120917000037025,11.829376220703125,12.324178000028496,174.26109313964844,317.5364609999747,57.951927185058594,88.86605799995095,0
1079,0.7128715515136719,0.6600280000270686,5.316257476806641,5.798889999994117,133.76450538635254,238.99765100003378,58.82143974304199,97.34392899997601,0
1080,1.9860267639160156,2.7880220000042755,6.902217864990234,7.100456999978633,137.0697021484375,245.2194029999646,59.61775779724121,97.66494599995212,0
1081,1.4185905456542969,2.4393209999971077,3.4847259521484375,4.047892000016873,135.6806755065918,246.9723300000055,61.47003173828125,96.18129999995517,0
1082,0.7441043853759766,1.0867839999946227,5.867958068847656,6.2294940000242605,146.33798599243164,267.3248139999487,70.01972198486328,102.08942299999535,0
1083,1.3539791107177734,2.1408730000302967,3.862142562866211,4.8397769999724005,146.54088020324707,261.0371159999545,65.69147109985352,106.51523600000701,0
1084,1.1858940124511719,1.9040839999888703,9.318828582763672,9.588564000011957,124.17936325073242,219.63047699995286,63.858747482299805,105.5543479999983,0
1085,1.3964176177978516,2.0395570000459884,4.595518112182617,6.9513570000481195,141.5860652923584,258.64439399998673,65.81854820251465,99.08990000002404,0
1086,4.760265350341797,2.850682000030247,7.521152496337891,7.764573000031305,136.17897033691406,239.9700990000042,61.6450309753418,103.35580499997832,0
1087,1.1146068572998047,1.7019320000031257,4.150629043579102,6.3122939999971095,151.47137641906738,232.48769200000652,61.13910675048828,135.66128200000094,0
1088,0.7472038269042969,1.1044919999676495,7.645130157470703,7.868795000035789,155.4713249206543,284.2019450000066,61.106204986572266,93.19433399997479,0
1089,1.6238689422607422,2.714080999965063,8.59212875366211,9.349119000034989,191.81442260742188,346.5063589999886,61.4323616027832,96.2729849999846,0
1090,0.8044242858886719,1.2336109999750988,5.989313125610352,6.426304999990862,143.36347579956055,260.8430720000001,105.78560829162598,154.0548190000095,0
1091,0.84686279296875,1.3465100000189523,3.3152103424072266,3.8852120000001378,145.54595947265625,256.75171199998204,60.08601188659668,103.0015599999956,0
1092,0.6895065307617188,1.0438269999895056,5.520343780517578,5.908336999993935,146.287202835083,258.89731900002744,60.33754348754883,99.32629900004031,0
1093,0.7333755493164062,1.0947140000325817,2.989053726196289,3.5842230000184827,154.3295383453369,281.8107869999835,57.38544464111328,89.0069120000021,0
1094,1.3821125030517578,2.0071370000209754,6.236076354980469,8.513751000009506,138.63348960876465,243.5111989999541,67.11149215698242,109.04044199997998,0
1095,2.0105838775634766,2.8612229999680494,6.380558013916016,7.182974000045306,134.17911529541016,137.26489800001218,58.621883392333984,197.5474120000058,0
1096,1.8455982208251953,2.6919439999915085,6.135225296020508,6.558148999999958,144.65022087097168,253.74044800003048,64.8047924041748,106.7139289999659,0
1097,0.9334087371826172,1.1134639999568208,5.215167999267578,6.613731000015832,159.9287986755371,285.6826909999768,65.90676307678223,102.47246699998414,0
1098,2.155780792236328,2.881440000010116,7.137060165405273,7.393211000021438,142.78793334960938,253.55746100001397,58.85910987854004,97.6684170000226,0
1099,1.0945796966552734,1.8067869999640607,3.6253929138183594,4.246794999971826,140.57612419128418,250.03217799996946,66.76340103149414,108.35047000000486,0
1100,0.8723735809326172,1.2665030000107436,8.951425552368164,9.13294499997619,147.07183837890625,263.18269699999064,60.717105865478516,97.99690199997713,0
1101,1.0905265808105469,1.6773569999486426,4.179239273071289,4.859178000003794,160.22706031799316,285.32375199995386,60.727596282958984,96.90092400001049,0
1102,0.8950233459472656,1.1996959999578394,6.575345993041992,6.922643000052631,185.26744842529297,268.7908099999845,59.1883659362793,161.14809099997274,0
1103,1.7576217651367188,2.564806000009412,4.556417465209961,4.694926000013311,139.5411491394043,256.24904900001866,61.81168556213379,93.37878299999147,0
1104,1.5385150909423828,2.231703000006746,10.180473327636719,10.315076000040335,146.47650718688965,262.14780600002996,65.56558609008789,105.44050099997548,0
1105,1.7058849334716797,2.8456289999780893,3.1654834747314453,3.8095450000241726,142.5950527191162,258.3930549999991,61.01727485656738,96.30031599999711,0
1106,0.7300376892089844,1.072264000015366,5.513191223144531,5.909508999991431,164.0763282775879,294.153558000005,73.0435848236084,111.95979299998271,0
1107,0.8168220520019531,1.2040440000191666,7.87043571472168,8.92428600002404,178.4670352935791,316.3438670000005,60.53781509399414,100.7188000000383,0
1108,0.7789134979248047,1.1580340000136857,7.166147232055664,7.446920000006685,148.70691299438477,262.0391089999998,61.49005889892578,103.78727299996626,0
1109,2.2695064544677734,3.624764999983654,7.6007843017578125,7.448438999972495,186.38324737548828,333.7825320000434,82.7181339263916,124.70460299999786,0
1110,1.4235973358154297,2.038575000028686,11.859416961669922,12.586386999998922,163.970947265625,291.68121000003566,63.127756118774414,101.15590399999519,0
1111,2.393960952758789,3.365599000005659,4.746198654174805,5.297143999996479,141.98851585388184,256.4007629999878,61.57565116882324,95.59827200001791,0
1112,0.75531005859375,1.0990719999881549,6.448030471801758,6.767206000006354,143.79167556762695,263.8022389999719,63.8887882232666,95.93856300000425,0
1113,1.0247230529785156,1.4699609999979657,4.164218902587891,4.833410000003369,142.71020889282227,180.0383049999823,60.72854995727539,171.6944240000089,0
1114,0.766754150390625,1.155863999997564,8.002042770385742,8.204868000007082,145.19619941711426,258.3135869999751,61.57422065734863,99.77518599998803,0
1115,0.743865966796875,1.1077280000222345,2.9578208923339844,3.645995999988827,158.125638961792,284.301298999992,70.56951522827148,107.37503600000764,0
1116,1.9483566284179688,2.738851000003706,11.20138168334961,11.544947999993838,159.24906730651855,282.0161850000318,68.85457038879395,110.69042200000467,0
1117,0.8144378662109375,0.7542590000184646,3.7338733673095703,4.220581000026868,154.36601638793945,262.89437600001975,93.40333938598633,153.13702800000328,0
1118,0.6577968597412109,0.9325199999921097,8.755207061767578,11.111083000002964,143.3258056640625,212.42248400000108,63.09390068054199,142.7553640000383,0
1119,1.0089874267578125,1.4197950000038873,5.1860809326171875,5.629471000020203,179.3372631072998,316.2501460000158,20.842790603637695,39.53999399999475,0
1120,0.45561790466308594,6.319195999992644,3.182649612426758,2.9412640000145984,139.18542861938477,225.98682899996447,56.745052337646484,122.59347099995921,0
1121,0.8375644683837891,1.3186899999482193,3.3609867095947266,3.9547680000282526,145.75982093811035,231.8141630000241,59.9515438079834,127.36939699999539,0
1122,0.9591579437255859,1.4939320000166845,7.962465286254883,8.567160000040985,151.40366554260254,236.2305610000135,74.38325881958008,149.0969600000085,0
1123,4.168510437011719,7.444067999983872,6.510019302368164,7.410383999967962,157.3195457458496,221.39332599999761,59.98849868774414,156.09337500001175,0
1124,1.4634132385253906,2.073852999956216,10.701656341552734,11.866482000016276,151.87573432922363,203.4783209999773,57.877302169799805,163.07864300000574,0
1125,2.0949840545654297,2.897873999984313,5.300998687744141,6.292048000034356,162.82129287719727,201.65371400003096,61.1114501953125,189.73292700002276,0
1126,0.7746219635009766,1.141055999994478,6.90460205078125,7.187596999983725,149.19805526733398,174.1464450000194,59.56101417541504,188.9580200000296,0
1127,0.751495361328125,1.0877350000555452,3.4062862396240234,3.9707160000261865,138.30995559692383,165.38439099997504,58.62998962402344,176.56013200002008,0
1128,0.8075237274169922,1.2546229999657044,7.634639739990234,7.8823790000228655,142.8394317626953,179.54681999998456,59.26632881164551,170.86111300000084,0
1129,0.9787082672119141,1.1976480000157608,4.893779754638672,5.547350999961509,141.64328575134277,184.05529400001797,64.09549713134766,171.1974909999867,0
1130,0.7359981536865234,1.0785840000266944,6.786584854125977,7.0828799999844705,137.26282119750977,172.90742599999476,62.70933151245117,169.26532100001168,0
1131,1.2273788452148438,2.0733869999958188,4.589319229125977,5.19297000005281,147.14837074279785,264.189024000018,63.596248626708984,100.13273999999228,0
1132,0.7507801055908203,1.0064159999956246,7.22813606262207,7.48988600003031,147.33576774597168,261.322075999999,60.79435348510742,101.4188009999657,0
1133,0.6852149963378906,1.0545009999987087,3.331899642944336,3.906765000010637,151.59368515014648,212.35368699996116,61.73563003540039,153.34846500002186,0
1134,2.0415782928466797,2.8458360000058747,7.526159286499023,7.435080999982802,139.77313041687012,251.37739400003056,62.99304962158203,98.05563499998016,0
1135,1.3856887817382812,1.9498319999797786,4.110574722290039,6.637010999952508,138.6265754699707,247.30484400004116,61.109066009521484,99.40255899999784,0
1136,1.8317699432373047,2.628587999993215,6.871938705444336,6.766956999967988,136.84535026550293,126.3250620000349,64.21637535095215,219.63660999995227,0
1137,0.7445812225341797,1.1322629999881428,3.299236297607422,3.8866660000280717,141.73626899719238,255.86375599999656,59.05580520629883,94.8810250000065,0
1138,0.7331371307373047,1.13849100000607,5.850553512573242,6.213886999944407,133.44430923461914,235.05731500000593,64.18347358703613,106.07587699996657,0
1139,1.592397689819336,2.3479390000034073,5.647897720336914,6.369431999985409,142.0116424560547,253.7491520000117,58.60614776611328,97.39045999998552,0
1140,1.8091201782226562,2.6197560000014164,7.092475891113281,7.03308399999969,136.74139976501465,245.7853810000188,64.71800804138184,101.77851699995699,0
1141,0.8816719055175781,1.2808149999727902,2.784252166748047,3.4098480000466225,141.5412425994873,257.6997240000196,60.0733757019043,92.36421100001735,0
1142,0.7557868957519531,1.1585280000190323,6.892919540405273,7.244597999999769,147.95780181884766,139.58663099998603,57.5566291809082,219.92619399998148,0
1143,1.9025802612304688,2.7359819999901447,3.3659934997558594,3.9158330000077513,134.08803939819336,166.63718900002777,59.201717376708984,165.5648880000058,0
1144,2.0999908447265625,3.053285000021333,7.473945617675781,8.329647999971712,146.4540958404541,263.95199999996066,69.28348541259766,106.45326499997054,0
1145,1.6760826110839844,2.712459999997918,3.754854202270508,4.258217999961289,147.06158638000488,268.5246949999964,69.04077529907227,102.44453999996495,0
1146,2.073049545288086,3.3398900000065623,8.124113082885742,8.824566999976469,145.28608322143555,255.90635399998973,65.42396545410156,107.48244500001647,0
1147,0.8900165557861328,1.254027000015867,4.622220993041992,5.120686999987356,143.7661647796631,132.71182099998668,54.26168441772461,213.4547250000196,0
1148,0.5581378936767578,0.8119999999962602,2.999544143676758,3.426057000012861,183.17699432373047,334.7004719999518,130.47051429748535,187.23327000003565,0
1149,0.7486343383789062,1.0959300000195071,3.5429000854492188,4.112421999991511,193.70722770690918,347.0937230000004,44.278860092163086,78.60196900003302,0
1150,0.9300708770751953,11.347969999974339,4.696846008300781,4.33892600000263,105.43537139892578,186.1080040000047,62.29257583618164,103.9556410000273,0
1151,1.9779205322265625,2.7956289999906403,7.1353912353515625,9.357995000016217,164.3989086151123,293.73301900000115,62.93010711669922,100.43675500003246,0
1152,2.161741256713867,2.8948650000302223,8.031368255615234,7.972597000048154,150.79712867736816,267.0858099999691,60.149192810058594,95.63349699999435,0
1153,0.8451938629150391,1.1759430000211069,3.915548324584961,4.4378680000249915,141.41249656677246,251.65013200000885,59.66973304748535,97.58071099997778,0
1154,1.209259033203125,1.6780839999910313,6.568431854248047,7.595140000034917,151.45206451416016,267.5297739999678,61.85173988342285,102.95383300001504,0
1155,0.8370876312255859,1.1649479999960022,4.037380218505859,4.554546000008486,144.87242698669434,259.6435170000291,60.28890609741211,97.91689700000461,0
1156,1.5461444854736328,2.3945890000049985,6.853818893432617,7.430627000019285,145.4474925994873,260.62152099996183,62.996864318847656,101.54184700002133,0
1157,0.9944438934326172,1.4316009999788548,3.7043094635009766,4.479892000006203,240.85497856140137,438.7785890000373,111.175537109375,179.6968919999813,0
1158,1.6613006591796875,2.287233999993532,7.089853286743164,9.058573000004344,199.00751113891602,356.15373699999964,61.81669235229492,101.41804100004492,0
1159,0.7116794586181641,0.6592459999978928,6.662130355834961,7.389664000015728,144.8385715484619,254.68676299999515,64.33224678039551,104.90726800003358,0
1160,0.7557868957519531,1.125664999960918,6.87098503112793,7.159726999987015,142.63057708740234,253.8017820000391,60.24765968322754,97.51129400001446,0
1161,0.7314682006835938,1.0912970000163114,2.774953842163086,3.3949819999747888,146.37184143066406,265.126022000004,62.39604949951172,95.44741400003431,0
1162,0.7643699645996094,1.1439790000054018,6.324529647827148,6.679890999976124,176.94830894470215,311.95432000004075,72.23057746887207,124.573225000006,0
1163,0.8938312530517578,1.2447519999909673,2.849578857421875,3.4510529999920436,146.80051803588867,261.3169470000116,71.2888240814209,109.60003700000698,0
1164,1.268625259399414,1.962568999999803,8.79359245300293,9.570467000003191,160.6612205505371,220.24984099999756,17.26531982421875,15.942807999977049,0
1165,0.60272216796875,89.78016200001093,2.0499229431152344,3.924772999994275,104.70843315124512,191.28790899998194,73.14300537109375,107.07166499997811,0
1166,0.9510517120361328,0.8795410000175252,9.088993072509766,10.582449000025917,177.04129219055176,304.2549830000212,57.404279708862305,92.37080399998376,0
1167,2.0613670349121094,2.8448820000335218,4.653215408325195,5.407323999975233,168.37239265441895,298.52308400000993,62.13879585266113,102.56895000003396,0
1168,2.119779586791992,2.9695709999941755,12.939691543579102,12.862981000012041,163.51318359375,286.1403999999652,67.84558296203613,115.45602699999336,0
1169,1.6553401947021484,2.46862799997416,5.422830581665039,7.927091999988534,185.8229637145996,340.48625899998797,65.59896469116211,97.9561389999617,0
1170,6.339073181152344,7.85566199999721,8.94474983215332,8.683532000020477,167.4060821533203,306.25040700005,60.75024604797363,97.91830800003254,0
1171,1.0232925415039062,1.6967120000117575,5.167484283447266,5.66436200000453,206.557035446167,372.55096400002685,64.25786018371582,96.37812500000109,0
1172,0.4634857177734375,0.7748899999455716,7.562398910522461,7.797191000008752,200.84428787231445,354.9743840000019,25.27308464050293,44.07599199998913,0
1173,0.5991458892822266,0.5546909999907257,2.7675628662109375,13.237525000022288,61.77997589111328,107.32584599998063,16.99090003967285,36.21160800003054,0
1174,0.35572052001953125,0.32925799996519345,3.027677536010742,2.79680399995641,55.94897270202637,103.53143800000453,16.542673110961914,25.426529000014852,0
1175,0.3561973571777344,0.33028099994680815,1.893758773803711,12.877057999958197,56.1070442199707,102.47796299995571,18.361568450927734,27.14693799998713,0
1176,0.347137451171875,0.32106599996950536,3.6547183990478516,13.75732000002472,56.22458457946777,102.38235600002099,17.708301544189453,26.557040999989567,0
1177,0.3304481506347656,0.30558800000335395,1.874685287475586,11.30141799995954,55.95064163208008,93.54373200000055,16.827106475830078,36.49804799999856,0
1178,0.3113746643066406,0.2886170000238053,2.8486251831054688,2.631911999969816,57.26933479309082,104.46467700000994,19.182205200195312,37.37564499999735,0
1179,0.3159046173095703,0.2923459999806255,1.8775463104248047,9.575200999961453,153.66768836975098,279.6657709999977,59.77892875671387,95.46425399997815,0
1180,1.6074180603027344,2.4367930000153137,8.609294891357422,10.67939000000706,273.754358291626,485.61328299996376,57.77788162231445,104.2724049999606,0
1181,1.7476081848144531,2.617407999991883,5.109548568725586,5.141373000014937,171.66399955749512,311.0044580000135,67.8400993347168,100.38300200000094,0
1182,1.9385814666748047,2.7167619999772796,9.644508361816406,9.412827999994988,138.51547241210938,134.18449099998497,60.840606689453125,210.0425630000018,0
1183,0.7486343383789062,1.1066550000009556,4.004001617431641,4.805919999967045,153.656005859375,272.37737299998344,61.4171028137207,101.57449000001861,0
1184,1.5978813171386719,2.4074230000223906,9.882450103759766,9.54772900001899,332.75318145751953,460.31732800003056,58.20751190185547,241.640996000001,0
1185,2.081155776977539,2.9397170000038386,4.499197006225586,5.442879000042922,169.80600357055664,310.2468069999986,60.58907508850098,93.27246899999864,0
1186,1.9316673278808594,2.7195979999987685,9.229898452758789,9.009086999981264,140.78903198242188,249.55848199999764,60.94074249267578,101.69980799997802,0
1187,1.1284351348876953,1.0441690000106973,4.475116729736328,6.873100000007071,147.38059043884277,262.96468699996467,57.788848876953125,97.1347089999881,0
1188,1.4483928680419922,2.111732999992455,7.8830718994140625,8.987795999985337,323.8682746887207,589.7044079999887,57.84749984741211,90.96612399997639,0
1189,1.9464492797851562,2.7512830000091526,3.583192825317383,4.195783999989544,143.5680389404297,156.02891199995383,62.79873847961426,200.92588799997202,0
1190,0.7123947143554688,1.0479369999529808,6.366491317749023,6.987492999996903,152.8632640838623,271.10833799997636,60.17160415649414,103.29553799999758,0
1191,1.6739368438720703,2.48349900004996,3.962993621826172,4.100529000027109,158.12325477600098,283.6816610000028,58.76016616821289,96.83240300000762,0
1192,2.3398399353027344,3.9808920000155013,8.059501647949219,8.722570999964319,149.71017837524414,265.74159900002314,72.32475280761719,112.36189299995658,0
1193,3.6890506744384766,6.530816999998024,5.894184112548828,6.800515000009,154.76059913635254,277.09411999995837,63.97700309753418,101.09656899999209,0
1194,1.3229846954345703,2.129575000026307,12.219429016113281,12.67479800003457,143.78595352172852,261.11126900002546,66.34831428527832,96.20254699996167,0
1195,1.5349388122558594,1.91374899998209,7.989406585693359,8.796152999991591,143.7094211578369,256.1690800000065,59.22436714172363,95.39330400002655,0
1196,1.131296157836914,1.8222960000002786,9.610176086425781,10.04853000000594,150.7728099822998,266.30600500004675,57.30628967285156,98.21648899998081,0
1197,0.9551048278808594,1.5726979999612922,4.354238510131836,4.84556999998631,144.80280876159668,255.29180900002757,58.736562728881836,98.90541699996902,0
1198,2.0685195922851562,2.7865829999882408,6.991863250732422,6.9049580000069,145.704984664917,256.41077699998505,56.93793296813965,97.01750200002834,0
1199,1.363992691040039,1.9419360000370034,4.3182373046875,4.984498999988318,140.77401161193848,250.25399300000117,66.37263298034668,105.37961500000392,0
1200,2.1953582763671875,3.2660960000043815,8.96906852722168,10.171184000000721,156.3401222229004,281.25338399996735,58.23326110839844,94.30452300000525,0
1201,0.7197856903076172,0.6646069999760584,4.130125045776367,4.493697999976121,171.1263656616211,310.65290299994786,30.55286407470703,48.61139799999137,0
1202,0.7221698760986328,0.6678649999685149,4.267692565917969,14.520268000012493,67.7785873413086,125.04021899997042,16.875267028808594,25.129394999964916,0
1203,0.5800724029541016,0.5378199999768185,1.7704963684082031,13.740170000005492,57.02948570251465,101.5595199999666,16.067028045654297,24.353256999972928,0
1204,0.29087066650390625,0.2688970000122026,2.8955936431884766,12.910802000021704,56.46991729736328,103.5794279999891,16.71004295349121,25.76827599995113,0
1205,0.3097057342529297,0.28660200001695557,1.722574234008789,9.153290000028846,56.4730167388916,95.73846099999628,18.064498901367188,37.26180300003534,0
1206,0.4019737243652344,0.3716429999940374,2.747058868408203,2.5373640000339037,60.339927673339844,116.87226700001929,56.59627914428711,105.0841420000097,0
1207,2.2046566009521484,2.039877000015622,9.92894172668457,10.025988999984747,148.34880828857422,267.94909700004155,59.43655967712402,93.30971399998589,0
1208,1.9092559814453125,2.696223999976155,6.748676300048828,7.095632000016394,143.73254776000977,253.55870900000355,57.717323303222656,99.304783999969,0
1209,0.7534027099609375,1.1223519999816745,5.6858062744140625,6.066416000010122,141.5867805480957,249.5995090000065,59.22985076904297,100.29044800000975,0
1210,0.7143020629882812,0.6619940000405222,7.931232452392578,9.570754000037596,141.0999298095703,252.2847019999972,59.50665473937988,94.72944300000563,0
1211,1.2209415435791016,1.8265850000034334,3.512859344482422,4.218519999994896,151.90625190734863,269.1722769999956,64.49270248413086,101.8145990000221,0
1212,2.640247344970703,3.345547999970222,7.411956787109375,7.3241339999867705,285.3662967681885,519.6998640000174,59.68022346496582,95.37010899998677,0
1213,0.7903575897216797,1.1574579999660273,3.088712692260742,3.6772490000203106,171.17881774902344,198.90285499997162,81.82144165039062,240.56916000000683,0
1214,2.372264862060547,3.247037000051023,7.7037811279296875,7.794070999977976,165.3726100921631,291.67794199997843,61.50507926940918,101.3042490000089,0
1215,2.033710479736328,2.8818069999942963,6.018400192260742,8.249211000020296,263.613224029541,481.3966750000418,60.88852882385254,94.95231200003218,0
1216,2.0656585693359375,2.962835999994695,8.649110794067383,8.567784999968353,88.7749195098877,115.79059799998959,17.750024795532227,16.390177000005224,0
1217,1.4796257019042969,63.20707700001549,2.660989761352539,5.085255000039979,227.88763046264648,411.13721000004944,86.66539192199707,131.27013600001192,0
1218,2.4154186248779297,4.142670000021553,15.831708908081055,15.029164999987188,145.1117992401123,257.058341000004,75.54841041564941,121.56474699997943,0
1219,0.9632110595703125,1.4210500000331194,3.808736801147461,4.769390999967982,145.5831527709961,258.7761089999958,66.65754318237305,108.21865399998387,0
1220,1.9862651824951172,2.765826000029392,6.674051284790039,6.741036999983407,143.19205284118652,232.52593699999125,61.638832092285156,121.35506099997428,0
1221,1.9268989562988281,2.7218820000030064,6.323337554931641,8.602075999988301,153.57279777526855,197.08832899999607,67.52705574035645,175.68575800004282,0
1222,3.0651092529296875,4.359825999983968,10.425329208374023,11.217569999985244,141.28947257995605,256.70913700002984,64.42737579345703,98.39200600004006,0
1223,0.7314682006835938,1.0723379999717508,5.105733871459961,5.842231999963587,159.60335731506348,287.590989000023,102.0960807800293,152.45697600005315,0
1224,1.2269020080566406,1.9446409999659409,10.132551193237305,10.913264000009804,211.12322807312012,250.2771019999841,61.97857856750488,230.37135999999236,0
1225,1.8854141235351562,2.6755470000239256,5.8727264404296875,5.90714999998454,212.30769157409668,387.3443279999833,77.97813415527344,129.18967799998882,0
1226,1.1630058288574219,1.5511980000155745,6.440401077270508,6.8687700000396035,182.72733688354492,324.1376539999692,103.76334190368652,182.97754399998212,0
1227,2.837657928466797,1.118810000036774,9.547233581542969,9.337135000009766,389.9197578430176,584.7420260000149,58.35604667663574,219.00612899997896,0
1228,1.7082691192626953,2.5137970000059795,7.0438385009765625,7.706906000009894,294.42906379699707,538.2343429999992,64.94450569152832,98.04516600001989,0
1229,1.7206668853759766,1.5916479999873445,8.150815963745117,12.166564999972707,148.46086502075195,261.6730739999866,68.87626647949219,108.67124499998226,0
1230,1.6465187072753906,2.4381810000022597,12.564420700073242,12.006001999964155,248.9187717437744,444.67786500001694,58.76922607421875,91.53792399996519,0
1231,1.9192695617675781,2.724693000004663,4.734039306640625,4.849972999977581,201.26795768737793,358.30546200003255,58.27808380126953,96.40578699998059,0
1232,2.167940139770508,3.0996090000030563,7.198095321655273,9.843984999974964,217.41461753845215,375.64663099999507,66.12157821655273,114.15323800002852,0
1233,1.985788345336914,2.8026370000020506,3.751516342163086,3.5531269999751203,166.52274131774902,173.67833100001917,58.69436264038086,220.34763700003168,0
1234,0.7030963897705078,1.0800289999792767,8.322954177856445,8.660180000049422,139.27197456359863,245.64747199997328,58.655738830566406,99.06855200000564,0
1235,2.064943313598633,3.0142580000074304,6.447076797485352,7.543294000015521,139.18662071228027,128.4212089999528,68.5274600982666,222.58761599999843,0
1236,2.1517276763916016,2.697768000018641,12.07423210144043,13.93020300002945,147.4928855895996,266.5326819999905,65.85216522216797,100.15743299999258,0
1237,3.137350082397461,4.457492999961232,5.585193634033203,5.87372300003608,142.36092567443848,254.34613400000217,60.262441635131836,97.23151700001154,0
1238,0.7402896881103516,1.1351569999646927,6.136894226074219,6.482658999971136,161.91387176513672,287.69868400001997,76.0810375213623,125.20181299998967,0
1239,0.7462501525878906,1.1511529999665981,4.115104675292969,4.62450700001682,136.63673400878906,242.08204099994646,62.75606155395508,101.86788400000069,0
1240,0.8606910705566406,0.797591999969427,9.973287582397461,10.216704000015397,143.39351654052734,252.96510499998703,58.58564376831055,99.6661110000332,0
1241,1.4247894287109375,2.4384729999837873,3.6423206329345703,4.191522000041914,135.7574462890625,243.69140599998218,63.506364822387695,98.2012609999856,0
1242,2.6726722717285156,3.893187000016951,12.424230575561523,12.201201000038964,154.65331077575684,269.39026600001625,58.39705467224121,101.71218199997156,0
1243,0.6868839263916016,1.022911000006843,2.8638839721679688,3.482645000019602,147.31121063232422,190.1149020000048,59.534549713134766,169.3293600000061,0
1244,0.7164478302001953,1.0595500000363245,5.689144134521484,6.12162099997704,140.33913612365723,249.88977000003842,68.98713111877441,107.35128100003521,0
1245,1.0974407196044922,1.4641980000078547,4.20832633972168,4.7482039999522385,161.03720664978027,286.6418959999919,63.44890594482422,103.32995999999639,0
1246,1.1057853698730469,1.8208330000106798,6.694793701171875,7.141927000020587,150.45619010925293,270.641046000037,57.66701698303223,91.44880200000216,0
1247,0.7958412170410156,1.202831000000515,3.047943115234375,3.6401290000185327,156.65316581726074,279.7960550000198,59.97276306152344,97.58604300003526,0
1248,0.8971691131591797,1.3668589999724645,6.882190704345703,7.192569000039839,188.64941596984863,343.01175500002046,66.82538986206055,108.55004999996254,0
1249,1.2264251708984375,1.9160179999744287,3.892183303833008,5.30859899998859,136.07478141784668,201.2876379999966,58.07971954345703,136.40141299998731,0
1250,1.8067359924316406,2.651200999991943,7.225990295410156,8.225940000045284,136.20853424072266,212.25186500004156,59.33833122253418,126.35817000000316,0
1251,0.7288455963134766,1.1135759999660877,3.0677318572998047,3.658320999988973,147.22442626953125,184.98076200000924,57.18994140625,172.45645099995954,0
1252,0.8318424224853516,1.2955529999771898,7.281303405761719,7.5494739999726335,153.6717414855957,275.0234410000303,77.46410369873047,117.74373299999752,0
1253,1.252889633178711,1.8741270000077748,5.053520202636719,6.217827999989822,157.1338176727295,277.78509000000895,67.06857681274414,107.51409499999909,0
1254,1.6262531280517578,2.421784999967258,7.035255432128906,7.640976999994109,163.33889961242676,298.19823400004,84.16199684143066,130.02352399996653,0
1255,0.9088516235351562,1.2936840000179473,3.0498504638671875,4.012106000004678,159.95335578918457,276.53429399998686,59.39960479736328,100.98610000000008,0
1256,4.375457763671875,7.038091999959306,10.47205924987793,10.894433999965258,147.71080017089844,264.2835879999552,59.613704681396484,96.45472500000096,0
1257,1.2717247009277344,2.1170859999983804,3.9496421813964844,4.479611000022032,177.7653694152832,318.7636330000032,81.60686492919922,139.80917199995702,0
1258,1.2383460998535156,1.4756439999814575,10.919809341430664,11.632520000034674,179.61955070495605,318.00778299998456,60.85371971130371,101.59691799998427,0
1259,2.7055740356445312,3.9585200000260556,6.96563720703125,6.8827130000386205,147.31407165527344,269.57243900000094,63.03095817565918,93.53242899999259,0
1260,1.5327930450439453,2.230038000050172,7.133722305297852,8.36231900001394,139.09411430358887,248.80730900002845,58.4721565246582,96.15514800003666,0
1261,1.9001960754394531,2.563964999978907,7.203817367553711,5.697948000033648,142.3342227935791,257.2229639999932,69.12708282470703,98.9118269999949,0
1262,2.2640228271484375,3.306450000025052,8.52203369140625,8.365182999966692,138.93437385559082,130.7846930000096,59.095144271850586,212.1163840000122,0
1263,0.7696151733398438,1.103757000009864,4.796266555786133,5.262838000021475,135.51807403564453,125.09800600003018,58.08901786804199,212.5978540000233,0
1264,1.6345977783203125,2.4772649999817986,6.64830207824707,9.34693800002151,135.85853576660156,240.80267100003994,60.87827682495117,100.1546850000068,0
1265,2.1865367889404297,2.9121369999529634,4.642724990844727,4.8942120000106115,159.77811813354492,280.97716500002434,59.41128730773926,98.24349099994834,0
1266,1.917123794555664,2.782307000018136,7.396697998046875,7.6300069999888365,155.4722785949707,273.4023529999945,63.04430961608887,99.87528299996029,0
1267,1.3356208801269531,2.26808899998332,3.9908885955810547,4.515362999995887,154.69622611999512,281.83136499995953,57.46626853942871,89.83302799998683,0
1268,0.7612705230712891,1.133685000013429,5.621671676635742,6.005443999981708,131.94561004638672,236.54913999996552,70.60527801513672,106.6442800000118,0
1269,0.8609294891357422,1.2623950000261175,3.610372543334961,4.277618999992683,152.22454071044922,251.18755599999076,63.46869468688965,123.08233100003463,0
1270,0.7748603820800781,1.067728000009538,5.753517150878906,6.124725000006492,143.17059516906738,256.7909119999854,66.00356101989746,103.711761999989,0
1271,0.8022785186767578,1.1340860000359498,3.368854522705078,3.932027999951515,142.41433143615723,191.1632829999803,62.125205993652344,160.9918149999885,0
1272,0.8547306060791016,1.245414000038636,6.385326385498047,6.770476999975017,141.65329933166504,255.85854499996685,71.80118560791016,121.01375699995742,0
1273,0.8373260498046875,1.2453709999817875,6.1397552490234375,6.489403000045968,145.8284854888916,262.8976219999686,59.45563316345215,97.03548999999612,0
1274,0.7598400115966797,1.1209699999881195,6.183862686157227,6.523486999981287,140.89608192443848,251.00611999999956,62.29043006896973,103.38620499999251,0
1275,0.6906986236572266,1.0493400000086694,3.6106109619140625,4.180364000035297,140.72084426879883,255.2648280000085,59.48662757873535,93.51581200002101,0
1276,0.7686614990234375,1.1278039999638168,6.475925445556641,6.794727999988481,93.43624114990234,167.17830400000366,19.484281539916992,38.970282999969186,0
1277,0.3743171691894531,1.7545999999697415,3.0105113983154297,5.530571000008422,203.01532745361328,368.90318199999683,139.24050331115723,221.7406100000403,0
1278,1.5573501586914062,2.4080740000158585,12.648820877075195,12.947825000026114,140.700101852417,254.7011629999929,68.25923919677734,98.18009999997912,0
1279,2.015352249145508,2.9258669999876474,5.022525787353516,5.742526999995334,138.78273963928223,128.09766300000547,57.05690383911133,210.80296300004875,0
1280,1.7590522766113281,2.5050899999996545,6.095409393310547,6.053110999971523,135.25986671447754,187.77900099996714,62.06083297729492,149.9760489999744,0
1281,2.0699501037597656,2.8378540000062458,4.4422149658203125,4.581391999977313,137.07876205444336,243.020711999975,67.11244583129883,105.85913700003857,0
1282,1.9497871398925781,2.7857409999683114,6.669044494628906,6.713235000006534,157.03868865966797,285.463142000026,58.71701240539551,92.10779400001456,0
1283,0.6992816925048828,1.0890820000213353,4.346132278442383,4.8657990000151585,146.589994430542,262.1738549999577,74.29337501525879,121.14019700004519,0
1284,1.005411148071289,1.1983500000383174,6.657600402832031,6.948720999957914,168.32804679870605,300.0610569999935,62.29376792907715,101.65307599999096,0
1285,0.7228851318359375,0.669951000020319,4.986763000488281,5.653709999990042,136.27052307128906,241.80883099995754,60.48846244812012,100.21604199999956,0
1286,3.000020980834961,4.261643000006643,13.013839721679688,12.828368999976192,149.2149829864502,266.01226099995756,57.82961845397949,96.76139799995553,0
1287,2.0737648010253906,2.860938000026181,4.189729690551758,7.492139000021325,188.9958381652832,315.2843900000448,62.23487854003906,127.71520100000089,0
1288,0.9083747863769531,1.4382329999875765,6.493806838989258,6.8069639999635,138.98277282714844,155.49565800000664,63.20953369140625,195.03398000000516,0
1289,0.5788803100585938,0.8346790000359761,3.454923629760742,4.021283000042786,150.9227752685547,265.94001699999126,63.3237361907959,103.25365400001374,0
1290,0.7283687591552734,1.0690149999845744,6.960391998291016,7.491770000001452,144.70219612121582,257.02698700001747,61.48481369018555,102.44319199995289,0
1291,0.8385181427001953,1.2050849999809543,3.16619873046875,3.7523809999697733,160.4776382446289,282.78564900000447,81.98046684265137,141.1919319999697,0
1292,1.697540283203125,2.398750999986987,7.432699203491211,10.731518999989476,183.52580070495605,332.198644000016,54.08072471618652,87.96932699999616,0
1293,0.48422813415527344,0.6525599999918086,1.8002986907958984,2.126691999990271,136.79146766662598,247.93594499999472,61.83362007141113,97.60661100000334,0
1294,1.516103744506836,2.128444000049967,10.00666618347168,11.70665900002632,152.89759635925293,275.94070200001397,61.16652488708496,96.22108799999296,0
1295,1.0313987731933594,1.2573589999647083,3.319263458251953,3.8932659999773023,146.97718620300293,265.22642999998425,68.91489028930664,101.96740100002444,0
1296,1.4309883117675781,2.390934000004563,6.319999694824219,6.621001000041815,146.35705947875977,259.43264500000396,59.40365791320801,99.5635290000223,0
1297,0.6170272827148438,0.8778760000041075,2.9320716857910156,3.529938999975002,160.2799892425537,285.0206749999984,59.33856964111328,95.63875799995003,0
1298,0.7205009460449219,1.073724000036691,5.996942520141602,6.359613000029185,140.31052589416504,249.65248099999826,60.78481674194336,99.0232800000399,0
1299,1.5587806701660156,2.151258999958827,10.038375854492188,12.368374000004678,150.85387229919434,166.93055000001777,59.645891189575195,198.46065100000487,0
1300,2.0432472229003906,2.9267099999970014,10.938882827758789,13.356169000019236,85.89816093444824,150.98100399995928,18.131017684936523,37.2013410000136,0
1301,1.2140274047851562,3.5078239999961625,1.9941329956054688,4.168370000002142,104.2790412902832,187.22144699995624,62.14284896850586,98.81051100001059,0
1302,1.9421577453613281,2.749098000037975,7.786989212036133,7.8702890000386105,219.9878692626953,396.65238600002795,63.20333480834961,103.33042000002024,0
1303,0.7126331329345703,0.6602999999927306,4.4803619384765625,4.6176660000014635,203.0034065246582,365.9318589999998,63.424110412597656,103.82887400004392,0
1304,0.7355213165283203,1.0891399999763962,5.765438079833984,6.146667999985311,142.20786094665527,253.45297699999492,65.4442310333252,101.60513099998525,0
1305,3.2095909118652344,3.872129000001223,5.558967590332031,5.805047000023933,142.92550086975098,254.06811600004175,59.80491638183594,97.31791300004033,0
1306,0.7526874542236328,1.1322209999775623,6.265401840209961,6.708257999946454,163.12241554260254,291.69908200003647,73.61102104187012,115.37655099999711,0
1307,0.91552734375,1.2960990000010497,3.8366317749023438,4.424247000031301,200.239896774292,357.32663300001377,67.05951690673828,107.8960000000393,0
1308,4.215240478515625,7.48332300003085,25.687694549560547,29.72636900000225,329.23316955566406,333.78720199999634,107.89656639099121,430.4223390000175,0
1309,1.1625289916992188,1.5717480000034811,6.081819534301758,6.9268190000002505,222.4445343017578,401.6945440000086,76.64179801940918,116.70870000000377,0
1310,0.8635520935058594,0.8007319999592255,10.563850402832031,10.753578999981528,208.80961418151855,376.6265579999981,80.11341094970703,123.80795100000341,0
1311,0.9138584136962891,1.3482589999966876,4.831790924072266,5.395841999984441,162.60004043579102,293.74205900001016,60.99390983581543,96.78172299999233,0
1312,0.7834434509277344,1.1490169999888167,6.400585174560547,7.054119999963859,144.96231079101562,262.01868900000136,65.68384170532227,99.3375409999544,0
1313,1.1548995971679688,1.7659739999658086,6.994485855102539,7.459111000002849,142.53711700439453,253.99587500004372,60.724735260009766,97.91127599999072,0
1314,0.8726119995117188,1.4171550000128263,8.697748184204102,8.885545999987698,140.87724685668945,252.89038599999003,58.56513977050781,92.80613799995763,0
1315,0.8819103240966797,0.8171099999572107,5.049228668212891,5.477880999990248,136.2934112548828,240.1355939999803,59.04531478881836,99.8541200000318,0
1316,0.8008480072021484,1.283615000033933,6.508588790893555,6.821018999971784,147.92442321777344,201.13294499998347,57.54899978637695,158.73620099995378,0
1317,1.9841194152832031,2.8135679999650165,4.614830017089844,5.461149000041132,137.908935546875,203.42638900001475,58.72058868408203,137.8150259999984,0
1318,1.1115074157714844,1.2608060000047772,6.348133087158203,6.6986470000074405,254.47583198547363,299.54207100001895,59.06224250793457,258.8287319999836,0
1319,1.7406940460205078,2.5617299999680654,4.175662994384766,5.032180999990032,152.88877487182617,278.9146169999981,60.76478958129883,94.6607399999948,0
1320,1.9502639770507812,2.7813920000312464,6.892681121826172,6.893945000001622,185.28246879577637,333.8213440000004,57.44123458862305,95.52630999996836,0
1321,0.8368492126464844,1.2473180000824868,3.1180381774902344,3.710081999997783,189.94688987731934,339.7088369999892,66.94936752319336,108.26404100009768,0
1322,2.0613670349121094,2.8722499999958018,6.290197372436523,6.681653999976334,146.68655395507812,263.94128100002945,61.50054931640625,96.96756699997877,0
1323,0.7464885711669922,1.0932949999187258,4.38237190246582,5.222339999932046,142.02022552490234,250.92948799999704,59.13066864013672,99.407240000005,0
1324,0.8206367492675781,1.2821530000337589,6.328821182250977,6.792006000068795,152.42671966552734,277.82048899996425,84.88011360168457,120.84186000004138,0
1325,0.858306884765625,1.2228260000028968,3.9725303649902344,4.6172849999948085,152.0535945892334,268.360371999961,53.568124771118164,94.83856400004242,0
1326,1.0006427764892578,1.6306830000303307,8.139371871948242,7.074161999980788,133.32056999206543,159.8037700000532,59.67283248901367,175.25191200002155,0
1327,1.1398792266845703,1.4965489999667625,4.467010498046875,4.969948000052682,162.66322135925293,287.98369300000104,60.75119972229004,98.42854799990164,0
1328,1.176595687866211,1.5943189999916285,8.178472518920898,8.429568999986259,144.97637748718262,251.20754699992176,18.67365837097168,37.79773400003705,0
1329,0.4887580871582031,2.317814999969414,3.2379627227783203,5.834940999989158,151.56269073486328,269.60690099997464,88.93370628356934,147.0057450000013,0
1330,0.8401870727539062,1.1174889999665538,8.84246826171875,9.621407000054205,158.46562385559082,284.4409919999862,64.49341773986816,102.60963600001105,0
1331,1.0013580322265625,1.4137559999198857,3.5834312438964844,4.136383999934878,154.4814109802246,277.6180869999507,68.45474243164062,105.19929999998112,0
1332,0.7560253143310547,1.097524999977395,8.441686630249023,8.810175999997227,184.84854698181152,175.03347000001668,60.431480407714844,255.23726799997348,0
1333,0.91552734375,1.273229000048559,3.3407211303710938,3.9177489999246973,165.59243202209473,301.0561480000433,62.68453598022461,94.72392599991508,0
1334,1.0623931884765625,1.7404879999958212,7.903575897216797,8.335717999898407,150.99787712097168,267.0606090000547,60.60028076171875,100.2373119999902,0
1335,0.7135868072509766,1.0614880000048288,3.125905990600586,3.831033999972533,140.0589942932129,162.525751999965,61.87915802001953,185.45047899999645,0
1336,0.8623600006103516,1.2754389999827254,6.905555725097656,7.306646000074579,162.2776985168457,292.2299300000759,63.985586166381836,102.74876500000119,0
1337,0.774383544921875,1.156623999918338,3.333568572998047,3.9712689999760187,141.17717742919922,255.83011000003353,59.99445915222168,94.55823200005398,0
1338,0.8306503295898438,1.237417999959689,6.695032119750977,7.004110000025321,173.9675998687744,312.29313899996214,62.41607666015625,100.17044799997166,0
1339,2.0711421966552734,2.8555509999250717,4.58526611328125,4.720719000033569,162.30106353759766,292.5316580000299,63.779592514038086,100.28659900001458,0
1340,0.5939006805419922,0.8665560000054029,5.62596321105957,6.0193649999291665,151.4902114868164,275.7834289999437,62.58201599121094,95.12634400005027,0
1341,0.8246898651123047,1.197638000007828,3.186941146850586,3.7920849999864004,163.98286819458008,291.79994499997974,68.07112693786621,108.9358629999424,0
1342,0.8711814880371094,1.3049229999069212,7.012367248535156,7.601021000027686,154.04295921325684,278.04301699995904,26.77178382873535,44.97127400009049,0
1343,0.4780292510986328,7.437382000034631,1.6350746154785156,3.11868499989032,91.89987182617188,159.5613480000111,64.03112411499023,108.29988500006493,0
1344,1.735687255859375,2.5422310000067228,11.546134948730469,12.266662000001816,142.2562599182129,223.6983870000131,58.544158935546875,122.48082999997223,0
1345,0.7040500640869141,1.0411929999918357,3.004312515258789,3.5991569999396233,144.67787742614746,257.5273410000136,66.10703468322754,107.63483499999893,0
1346,0.7219314575195312,1.0516950000010183,7.643222808837891,7.877211000050011,164.95919227600098,292.9193979999809,62.323808670043945,104.56300800001372,0
1347,0.7538795471191406,1.1459790000571957,2.7878284454345703,3.438017000007676,141.07942581176758,257.3603839999805,59.55791473388672,92.50289199997042,0
1348,1.7163753509521484,2.954195999905096,5.843639373779297,6.221085999982279,150.06518363952637,271.21299300006285,63.68136405944824,103.21922399998584,0
1349,0.7040500640869141,1.089167000031921,3.0548572540283203,3.648870999995779,146.28243446350098,261.6714730000922,84.95807647705078,139.02551599994695,0
1350,0.7357597351074219,1.0899689999632756,6.809711456298828,7.094435999988491,175.22525787353516,313.0380800000694,92.18883514404297,157.29512799998702,0
1351,2.0322799682617188,2.8972799999564813,7.302761077880859,7.2697589999961565,193.16840171813965,258.1785190000119,95.43657302856445,233.39380800007348,0
1352,1.9755363464355469,2.76443300003848,7.987499237060547,7.848302000070362,180.70197105407715,327.2974390000627,68.95613670349121,108.72633199994652,0
1353,1.941680908203125,2.951612000060777,7.282018661499023,7.862401000011232,148.32592010498047,169.87160199994378,63.83395195007324,191.34772399991107,0
1354,1.9061565399169922,2.694212000051266,7.049560546875,6.982608999919648,139.35136795043945,249.45798499993543,61.08403205871582,93.74730000001819,0
1355,0.7157325744628906,0.6626800000049116,5.1631927490234375,5.276947000083965,223.45733642578125,358.16302899991115,65.4911994934082,145.99603299996033,0
1356,4.498720169067383,7.292651000057049,7.545709609985352,8.190990000002785,142.3487663269043,205.79337599997416,57.831525802612305,142.2929610000665,0
1357,0.6861686706542969,1.0192429999733577,3.8328170776367188,4.3612289999828135,149.4150161743164,223.12681300002168,56.02407455444336,137.1067679999669,0
1358,0.8220672607421875,1.2354079999568057,3.0679702758789062,3.3583470000166926,129.66132164001465,199.51350299993464,65.2623176574707,138.63857800004098,0
1359,1.6853809356689453,2.489294000042719,4.867792129516602,4.923494999957256,260.223388671875,314.1003800000135,60.72282791137695,254.17988300000616,0
1360,1.6252994537353516,2.3913499999252963,7.073402404785156,7.686153999998169,140.2435302734375,252.82074699998702,70.55783271789551,104.38687600003504,0
1361,3.4058094024658203,4.600987999992867,11.127710342407227,14.342694999982086,154.01744842529297,276.81688799998483,63.30108642578125,99.708832000033,0
1362,0.8318424224853516,1.041247000102885,6.708621978759766,7.008700000028512,148.25963973999023,262.1060699999589,62.863826751708984,103.07149000004756,0
1363,1.2061595916748047,1.8254589999742166,4.814624786376953,5.934896999974626,155.90190887451172,276.63663499993163,61.05661392211914,101.784837000082,0
1364,1.1289119720458984,1.349390999962452,8.872509002685547,9.225793999917187,148.74887466430664,257.38864599998124,64.6979808807373,110.63500899990686,0
1365,0.8752346038818359,1.276430999951117,4.714250564575195,5.380735000017012,138.08941841125488,243.4828570000036,59.8907470703125,98.8002060000781,0
1366,0.7123947143554688,1.0493880000694844,6.656646728515625,6.962428000065302,145.36261558532715,260.0421769999457,70.03092765808105,107.85824599997795,0
1367,1.4503002166748047,2.1546219999208915,5.991697311401367,6.848861999969813,163.85316848754883,254.7935249999682,24.170875549316406,22.31844900006763,0
1368,0.9095668792724609,65.51995600000282,4.891633987426758,4.519212999980482,147.40896224975586,269.45713800000703,61.23471260070801,98.71862399995734,0
1369,0.766754150390625,1.1166240000193284,4.36854362487793,4.874004000043897,217.9703712463379,251.5314470000476,53.66992950439453,224.00745200002348,0
1370,0.5152225494384766,0.693845999990117,6.3934326171875,7.2990259999414775,200.32763481140137,357.38287399999535,67.12102890014648,106.46568200002093,0
1371,1.5020370483398438,2.463564999970913,6.026983261108398,6.465043999924092,151.3075828552246,221.76151199994365,72.68953323364258,155.58129900000495,0
1372,1.0519027709960938,1.503359000025739,20.61915397644043,21.005651999985275,173.19703102111816,306.41434599999684,60.57405471801758,100.62490300003901,0
1373,0.6518363952636719,1.0170909999942523,3.7457942962646484,4.460201000028974,154.94823455810547,281.92026300007456,60.81342697143555,94.86046799997894,0
1374,1.1148452758789062,1.4633089999733784,8.09168815612793,8.378676000006635,205.9304714202881,320.1319649999732,62.160491943359375,57.37138099993899,0
1375,0.9064674377441406,0.8394430000180364,6.108283996582031,6.355970000072375,150.64549446105957,270.61583600004724,65.68789482116699,101.43627000002198,0
1376,1.1599063873291016,1.7510829999309863,8.020162582397461,8.421158000032847,154.30784225463867,275.0317449999784,59.23151969909668,97.7312880000909,0
1377,1.8954277038574219,3.0744580000146016,3.3159255981445312,3.64421200004017,140.84625244140625,153.71441100000993,60.155630111694336,189.39927400003853,0
1378,0.7154941558837891,1.0751609999033462,6.381988525390625,6.714858999998796,139.19639587402344,253.24808199991367,26.64661407470703,45.70200400007707,0
1379,0.8533000946044922,5.714910000051532,3.2968521118164062,6.2397780000083,105.05414009094238,190.98787799998718,59.10897254943848,93.45757699998103,0
1380,1.0313987731933594,1.4355259999092596,10.232925415039062,11.4717629999177,144.5021629333496,157.72433400002228,61.40780448913574,201.0043620000488,0
1381,1.7900466918945312,2.593499999989035,4.726648330688477,5.188959000065552,149.63293075561523,268.73315900002126,65.2017593383789,101.68311600000379,0
1382,1.0828971862792969,1.5992259999393355,8.378982543945312,9.065201999987949,171.1595058441162,310.6519020000178,58.94351005554199,93.51189700009854,0
1383,1.9683837890625,2.786743999990904,4.6825408935546875,4.8080340000069555,166.31269454956055,295.3128909999805,59.95512008666992,101.46386600001733,0
1384,0.90789794921875,1.377400000023954,6.204366683959961,6.663329000048179,149.0490436553955,270.82514899996113,64.89348411560059,103.13612400000238,0
1385,1.9941329956054688,2.829136000059407,5.421876907348633,5.940873999975338,154.85143661499023,282.3348289999785,60.242414474487305,94.21389099998123,0
1386,0.9784698486328125,1.3366650000534719,6.910562515258789,7.191484000031778,187.61301040649414,331.9314839999379,62.72602081298828,103.19315399999596,0
1387,0.9567737579345703,1.5520980000474083,2.9757022857666016,3.575408000074276,180.38678169250488,237.38062500001433,59.33976173400879,177.28991900003166,0
1388,0.7905960083007812,1.176616000066133,5.724191665649414,6.097137000097064,147.2604274749756,264.0945839999631,76.76243782043457,124.23198199996932,0
1389,2.970457077026367,3.7390930000356093,8.649349212646484,8.596760000045833,153.0165672302246,269.6190919999708,61.644554138183594,100.22377899997537,0
1390,3.927946090698242,6.44030599994494,7.481098175048828,8.180259000027945,143.22519302368164,254.3734509999922,63.07196617126465,103.62720899991018,0
1391,0.7634162902832031,1.1323969999921246,3.1592845916748047,3.7524489999896105,153.93733978271484,276.9924719999608,62.917470932006836,97.86761899999874,0
1392,0.5614757537841797,0.801176999971176,6.819725036621094,7.136004000017238,138.88883590698242,244.09591999994973,81.03394508361816,140.51174299993363,0
1393,1.7039775848388672,2.509560000021338,5.0182342529296875,5.062389999920924,196.29573822021484,316.72937199994067,57.588815689086914,129.58735000006527,0
1394,1.2090206146240234,1.8791910000572898,6.789207458496094,7.0851840000614175,146.6045379638672,258.51736000004166,61.42616271972656,102.4179930000173,0
1395,2.0978450775146484,2.953717000082179,4.598855972290039,7.8680259999828195,143.12434196472168,225.00238800000716,24.553775787353516,22.671245999958956,0
1396,0.8344650268554688,60.8767149999494,6.139516830444336,8.479136999994807,75.4861831665039,141.8387950000124,19.47808265686035,28.29237200000989,0
1397,0.39124488830566406,0.36235499999293097,2.3107528686523438,12.605944000029012,56.10013008117676,92.30519499999446,16.587257385253906,15.314824000029148,0
1398,0.31304359436035156,0.2898530000265964,2.760648727416992,2.5506260000156544,54.23593521118164,50.07327600003464,16.13593101501465,14.900183000008838,0
1399,0.3066062927246094,0.28543799999170005,2.0751953125,97.26916099998562,60.36257743835449,104.2937869999605,16.95108413696289,36.23393099996974,0
1400,0.29349327087402344,0.2716620000455805,2.950906753540039,2.7259000000867672,57.09028244018555,103.69797199996356,16.895532608032227,35.99913099992591,0
1401,0.3478527069091797,1.616027000068243,1.7092227935791016,3.186478000088755,59.48615074157715,54.929106000031425,16.904354095458984,15.611957000032817,0
1402,0.29730796813964844,0.27597000007517636,2.781391143798828,2.5705529999413557,102.34594345092773,94.48258800000531,61.568498611450195,259.40234899996994,0
1403,1.6067028045654297,2.6627209999787738,3.121614456176758,3.7296980000292024,182.6643943786621,266.4123990000462,66.49327278137207,166.77339399996072,0
1404,1.0635852813720703,1.2402860000975124,10.305643081665039,10.328918000027443,152.14967727661133,277.23853199995574,63.03524971008301,94.7730440000214,0
1405,0.6754398345947266,1.0241710000400417,4.300832748413086,4.940755000006902,164.31307792663574,239.5775090000143,109.09557342529297,205.83061700006056,0
1406,1.3899803161621094,2.094499999998334,11.839151382446289,12.607878000039818,165.44508934020996,277.88062100000843,59.87405776977539,114.87541600001805,0
1407,0.7638931274414062,1.1416859999826556,3.150463104248047,3.727784000034262,138.27991485595703,147.31394499995076,59.86738204956055,198.15711900002952,0
1408,5.153656005859375,5.800152000006165,12.473344802856445,12.727519000009124,149.14655685424805,272.76620999998613,61.53750419616699,94.64774999992187,0
1409,0.7793903350830078,1.110306000100536,3.2510757446289062,3.824417000032554,147.18103408813477,203.99332499994216,58.20298194885254,155.66110200006733,0
1410,2.1271705627441406,2.956650999976773,6.326436996459961,6.623207999950864,145.08962631225586,264.7116409999626,58.5932731628418,91.45276600008856,0
1411,0.6847381591796875,1.046426000016254,4.714488983154297,5.182161999982782,140.20752906799316,255.96167599996988,61.92278861999512,94.29599199995664,0
1412,0.7321834564208984,1.1063270000022385,6.211042404174805,6.551188999992519,139.30678367614746,249.61621499994635,75.45661926269531,115.86263599997437,0
1413,0.8502006530761719,1.2667360000477856,3.254413604736328,3.9677649999703135,212.6636505126953,381.9400660000838,61.261892318725586,98.44785099994624,0
1414,0.7143020629882812,1.0817099999940183,7.497072219848633,7.7398150000362875,232.313871383667,421.8579960000852,85.25228500366211,131.8134910000026,0
1415,1.9371509552001953,2.707907000058185,4.071235656738281,4.6719389999907435,178.2054901123047,325.36470499996994,62.994956970214844,96.61367399996834,0
1416,0.7967948913574219,1.1850529999719583,6.347179412841797,6.684475000042767,162.71519660949707,288.42240800008767,57.027339935302734,97.62135200003286,0
1417,0.7741451263427734,1.1720470000682326,6.186723709106445,6.535126000017044,144.49453353881836,260.79088699998465,68.38536262512207,99.353011000062,0
1418,0.7970333099365234,1.1449820000279942,8.784055709838867,8.92765399999007,147.4757194519043,256.5320050000537,58.98427963256836,102.40261399997053,0
1419,0.7100105285644531,1.0450009999658505,3.1387805938720703,3.722978999917359,140.77234268188477,192.27446699994744,67.81673431396484,161.71224699996856,0
1420,1.4719963073730469,1.8325229999618387,10.812759399414062,11.549291000051198,236.4063262939453,263.0821960000276,58.32934379577637,253.6341549999861,0
1421,1.3599395751953125,2.3166790000459514,4.055023193359375,4.571685999962938,136.5222930908203,242.3662690000583,62.004804611206055,103.77837900000486,0
1422,0.7727146148681641,1.227505999963796,7.862091064453125,8.077526999954898,147.5365161895752,269.3765750000239,65.4609203338623,90.3941600000735,0
1423,3.480672836303711,34.99082999996972,29.64925765991211,26.55536499992195,209.34295654296875,325.03578499995456,84.87772941589355,185.82666899999367,0
1424,1.123189926147461,1.7416610000964283,10.49494743347168,10.840335000011692,147.55654335021973,172.1574140000257,65.27543067932129,186.73393899996427,0
1425,0.7524490356445312,1.1694859999806795,3.2570362091064453,3.843216000063876,136.1241340637207,164.22033800006375,59.07797813415527,174.17108299991924,0
1426,0.7557868957519531,1.1258089999728327,5.669832229614258,6.0539520000020275,139.12463188171387,179.94722000003094,64.77713584899902,170.32561200005603,0
1427,1.4522075653076172,2.3238279999304723,4.44340705871582,5.19124599998122,152.2684097290039,195.4287049999266,59.09013748168945,172.17445900007533,0
1428,0.7326602935791016,1.1116830000901246,5.839347839355469,6.321434999904341,149.09863471984863,178.44512200008467,57.99746513366699,182.1814939999058,0
1429,0.7617473602294922,1.1748510000870738,3.381967544555664,4.331932000013694,151.414155960083,183.81481400001576,57.41310119628906,180.96216100002493,0
1430,1.0383129119873047,1.7288699999653545,5.830526351928711,6.226781000009396,138.34381103515625,171.51438499990945,58.84385108947754,170.87774699996316,0
1431,3.7648677825927734,6.741479999959665,4.685163497924805,5.48452400005317,141.5271759033203,256.3472739999497,60.58835983276367,94.06747200000609,0
1432,0.9908676147460938,1.559083999950417,7.587909698486328,8.075490999999602,140.02442359924316,175.95328099992003,57.36207962036133,168.2544530000314,0
1433,0.7152557373046875,1.112990999899921,3.2808780670166016,3.8516959999697065,158.53190422058105,206.15368100004616,62.76297569274902,176.7510280000124,0
1434,5.72657585144043,8.94795899989731,16.353130340576172,15.841409000017848,152.24647521972656,173.9280909999934,60.125112533569336,194.40334000000803,0
1435,0.7216930389404297,1.0668339999710952,3.5059452056884766,4.05965599998126,141.43919944763184,164.02006700002403,56.97965621948242,182.23872799990204,0
1436,1.9993782043457031,2.8509710000435007,5.855321884155273,6.203967000033117,136.88898086547852,168.43635999998696,61.50031089782715,173.9592569999786,0
1437,0.7498264312744141,1.1034560000098281,3.5288333892822266,4.082237999909921,140.75303077697754,184.19359200004237,56.56266212463379,160.96183299998756,0
1438,1.1060237884521484,1.8497720000141271,5.658388137817383,6.06282100000044,146.26622200012207,199.23755000002075,59.82685089111328,156.89053000005515,0
1439,1.9516944885253906,2.758647999939967,3.66973876953125,4.128264999962994,141.82257652282715,199.3179119999695,56.871652603149414,147.88070800000241,0
1440,2.270221710205078,3.2230479999952877,9.038209915161133,9.903435999945032,132.9784393310547,122.7553370000578,57.85059928894043,207.9689369999187,0
1441,0.7030963897705078,1.0987580000119124,3.238677978515625,3.8298440000517076,137.59350776672363,250.54840399991463,103.11651229858398,152.4974530000236,0
1442,2.9757022857666016,4.281645000105527,11.343240737915039,12.17862199996489,190.16623497009277,314.44375800003854,85.00003814697266,170.06053799991605,0
1443,1.573801040649414,1.456245999975181,7.034540176391602,8.512797999969735,141.01767539978027,205.30217500004255,57.65175819396973,138.9726500000279,0
1444,0.8594989776611328,1.2871599999471073,9.865760803222656,10.059302000058779,138.00764083862305,208.76133900003424,57.23834037780762,130.70677300004263,0
1445,2.0182132720947266,2.8637340000159384,5.267143249511719,5.522734999999557,137.16936111450195,221.28403199997138,57.395219802856445,117.71645200008152,0
1446,1.4464855194091797,2.4686670000164668,6.070852279663086,6.421251000006123,136.08193397521973,139.07111800006078,68.03226470947266,206.42893199999435,0
1447,1.1751651763916016,1.8270299999585404,5.866765975952148,6.714843000054316,149.2018699645996,268.5320169999841,61.39564514160156,94.99523899989981,0
1448,1.1157989501953125,1.8749700000171288,6.393194198608398,6.726509999907648,138.64755630493164,164.55368599997655,57.77168273925781,175.50450600003842,0
1449,1.798868179321289,2.6202640000292376,4.124164581298828,6.202682000093773,141.05820655822754,253.6496630000329,63.60268592834473,98.88180100006139,0
1450,2.338409423828125,3.3062830000289978,11.580944061279297,11.440117000006467,142.88854598999023,252.1937589999652,58.14552307128906,98.71575599993321,0
1451,0.7631778717041016,1.1247749999938605,4.292726516723633,4.786809999927755,158.95748138427734,287.80492099997446,62.3326301574707,98.9823749999914,0
1452,0.7305145263671875,1.1103850000608873,5.398035049438477,5.796592000024248,142.7440643310547,261.1733759999879,59.662580490112305,92.00962299996718,0
1453,2.233266830444336,2.9923219999545836,6.942272186279297,7.034474999954909,138.40079307556152,250.32902199995988,58.70318412780762,91.72752900008163,0
1454,2.055644989013672,2.93904200009365,7.0590972900390625,7.008203999930629,136.46674156188965,247.99796599995716,60.98580360412598,93.3211049999727,0
1455,0.8473396301269531,1.3114090000954093,3.7796497344970703,4.48474699999224,137.66074180603027,250.86758100007955,62.30902671813965,93.47700599994369,0
1456,0.9522438049316406,1.4516719999164707,6.91533088684082,7.269411999914155,142.4548625946045,250.82954300000893,63.217878341674805,105.62405299992861,0
1457,0.8256435394287109,1.2736339999719348,4.338741302490234,4.9644749999515625,143.2192325592041,257.1308860000272,64.12529945373535,101.05955899996388,0
1458,2.2199153900146484,2.0324289999962275,8.815526962280273,8.750434000035057,139.14179801940918,250.6067819999771,58.368682861328125,94.57449199999246,0
1459,2.8693675994873047,4.0434239999740385,4.607200622558594,5.40365799997744,137.78328895568848,249.53494799990494,57.03568458557129,91.81096299994351,0
1460,3.0252933502197266,2.703666999991583,8.945941925048828,9.48746200003825,137.74752616882324,246.58597100005863,66.35737419128418,102.90459600003032,0
1461,2.087831497192383,3.3750329999975293,6.121635437011719,6.525158999920677,136.45553588867188,247.5393189999977,59.04531478881836,94.25797500000499,0
1462,1.4338493347167969,1.4863610000475092,7.8563690185546875,8.057866000058311,141.99542999267578,252.89477100000113,62.26491928100586,101.33629699998892,0
1463,1.7380714416503906,2.5752789999842207,6.342887878417969,6.649858000059794,141.73579216003418,255.7942920000187,59.75508689880371,93.64419999997153,0
1464,2.1092891693115234,2.9519680000476,6.308555603027344,6.3648399999465255,136.07120513916016,243.8418649999221,58.267831802368164,91.80820899996434,0
1465,2.034425735473633,2.838295000060498,4.615068435668945,4.736928999932388,142.0609951019287,240.1666140000316,63.60983848571777,108.05646300002536,0
1466,2.632617950439453,3.687222999928963,12.53199577331543,12.112304999959633,143.92948150634766,261.03521699997145,61.083078384399414,93.16162900006475,0
1467,1.6188621520996094,2.397298999994746,4.597663879394531,4.676491000054739,144.13714408874512,255.42986999994355,63.814401626586914,101.07723099997656,0
1468,0.7321834564208984,1.0240340000109427,5.774259567260742,6.153754000024492,142.11344718933105,255.86038799997368,59.01336669921875,94.04358400001911,0
1469,1.1675357818603516,1.9707400000470443,3.3884048461914062,3.95326299997123,136.0936164855957,248.89152999992348,62.810659408569336,93.53625500000362,0
1470,0.6947517395019531,1.0227239999949234,5.750417709350586,6.128432999958022,138.27800750732422,207.8000689999726,57.31201171875,129.7704959999919,0
1471,2.610921859741211,3.800946000069416,3.0884742736816406,3.7105409999185213,140.65003395080566,250.36225299993475,57.641029357910156,92.92843499997616,0
1472,0.6937980651855469,1.0896449999791002,8.088111877441406,7.4221039999429195,144.38271522521973,251.2751980000303,64.52178955078125,104.33700099997623,0
1473,1.7538070678710938,2.501317999985986,4.23884391784668,4.3384370000012495,141.54791831970215,251.75612100008493,60.222625732421875,97.58194099993034,0
1474,1.8436908721923828,2.7040690000603718,5.998373031616211,6.335159999935058,134.44137573242188,242.64954499994928,56.78296089172363,92.68777300007969,0
1475,2.931356430053711,2.7726929999971617,6.031990051269531,6.079746000068553,139.57476615905762,197.8002570000399,57.49654769897461,144.91649900003267,0
1476,0.9672641754150391,1.5851530000645653,6.962060928344727,6.199803000072279,137.192964553833,248.55545100001564,59.68117713928223,94.72942200000034,0
1477,1.8885135650634766,2.6714770000353383,8.93402099609375,8.077599999978702,167.00196266174316,260.59387299994796,58.7000846862793,134.84865700002047,0
1478,1.7502307891845703,2.5485910000497825,9.151697158813477,9.169987999939622,147.108793258667,266.5243609999379,69.89789009094238,103.22142200004691,0
1479,2.0313262939453125,3.4766610000360743,5.737781524658203,6.578903999979957,152.62985229492188,273.57472999995025,62.46471405029297,100.10805499996422,0
1480,2.7120113372802734,3.765176000001702,10.664224624633789,11.060249000024669,140.32316207885742,250.61972399998922,60.87017059326172,98.40993099999196,0
1481,1.9316673278808594,2.7460260000680137,5.340814590454102,6.036074999997254,171.73051834106445,223.44245299996146,65.91081619262695,190.38858999999775,0
1482,1.192331314086914,1.8343489999779194,9.531974792480469,10.072081999965121,148.4086513519287,263.1823209999311,57.45434761047363,96.58490999993319,0
1483,1.7592906951904297,2.6253709999082275,5.362510681152344,5.42317000008552,142.29655265808105,250.14326400003029,72.7231502532959,112.96996200007925,0
1484,1.3861656188964844,2.2702240000853635,13.950347900390625,14.138675000026524,147.96853065490723,242.67438099991523,57.87014961242676,116.39870500005145,0
1485,1.7952919006347656,2.6656999999659092,4.880189895629883,5.189583999936076,147.93753623962402,265.417528999933,57.07859992980957,92.65470100001494,0
1486,1.8303394317626953,2.5697300000047107,6.6394805908203125,6.975202000035097,150.3746509552002,269.97728100002405,58.18033218383789,92.32631899999433,0
1487,0.8671283721923828,1.391393000062635,3.0145645141601562,3.6436740000453938,138.13424110412598,253.47958499992274,66.16544723510742,97.0074960000602,0
1488,0.7028579711914062,1.086686999997255,6.91533088684082,7.465486000000965,143.00847053527832,261.4984630000663,62.03961372375488,91.70661799998925,0
1489,0.7338523864746094,1.1472130000811376,3.993988037109375,4.552296000042588,138.14783096313477,250.2491559999953,58.11333656311035,90.34686199993303,0
1490,1.9772052764892578,2.82265099997403,10.564088821411133,12.707274000035795,134.52982902526855,244.62991200005035,61.876535415649414,94.62139400000069,0
1491,0.8687973022460938,0.8051519999980883,6.17527961730957,6.416049999984352,145.29848098754883,263.7978430000203,63.0488395690918,97.02566800001478,0
1492,0.7150173187255859,1.0694820000480831,6.025552749633789,6.451479999896037,152.74739265441895,271.27800599998864,61.71274185180664,101.7229919999636,0
1493,1.941680908203125,2.9474809999783247,5.183696746826172,5.886185999997906,141.39461517333984,255.69657200003348,63.2777214050293,97.27251200001774,0
1494,1.0585784912109375,1.575924999997369,8.832931518554688,9.802169000067806,130.81955909729004,120.76456900001631,60.14537811279297,206.8759850000106,0
1495,1.9276142120361328,2.7330750000373882,6.234645843505859,8.669338000004245,206.30884170532227,373.4044020000056,61.903953552246094,99.48894100000416,0
1496,1.3582706451416016,2.1607939999057635,6.639242172241211,8.598995000056675,134.31167602539062,135.3955810000116,58.45165252685547,198.7920970000232,0
1497,1.6951560974121094,2.4992459999566563,3.4580230712890625,3.684684999939236,141.3440704345703,251.1116469999024,60.25528907775879,98.16144000001259,0
1498,0.7216930389404297,1.1008630000333142,6.183624267578125,6.793541000092773,142.333984375,261.0638730000119,61.275482177734375,93.93896500000665,0
1499,1.6374588012695312,2.489860999958182,3.4041404724121094,5.712187000085578,134.98234748840332,239.2002849999244,59.0059757232666,96.68275199999243,0
1500,0.7586479187011719,1.1275130000285571,5.554437637329102,5.941001999985929,138.21887969970703,246.78866700003255,62.35694885253906,99.742458000037,0
1501,0.7033348083496094,0.6503339999426316,5.284786224365234,5.328268999960528,138.3352279663086,252.66711899996608,64.93258476257324,95.22573499998543,0
1502,2.208709716796875,2.6563500000520435,6.728887557983398,7.0552390000102605,140.28334617614746,248.1422340000563,60.46628952026367,101.57201699996676,0
1503,0.8513927459716797,1.2353649999568006,4.364490509033203,4.883129999939229,147.51005172729492,264.9130869999681,63.37618827819824,100.13027299999067,0
1504,0.7855892181396484,1.17610400002377,11.004924774169922,11.236376999931963,135.96844673156738,202.68168899997363,57.630062103271484,131.6847929999767,0
1505,1.5146732330322266,2.2481709999055965,5.084037780761719,7.6255959999116385,144.8655128479004,257.1812209999962,61.81812286376953,98.0806960000109,0
1506,2.1369457244873047,2.9188060000251426,9.443521499633789,11.36186999997335,139.24670219421387,249.7440289999986,57.79433250427246,91.96423700007017,0
1507,0.7476806640625,1.1570860000347238,4.8198699951171875,5.372494999960509,155.79628944396973,276.4542780000738,64.66460227966309,103.59849899998608,0
1508,1.646280288696289,3.01001399998313,13.041257858276367,13.417127000025175,140.09475708007812,254.99818500009042,65.29951095581055,97.54462600005809,0
1509,1.9099712371826172,3.0308979999063013,6.571531295776367,7.5903470000184825,137.10880279541016,243.3480760000748,57.50679969787598,95.68430499996339,0
1510,1.9168853759765625,2.7086610000424116,7.985830307006836,8.538790999978119,145.31207084655762,262.72458200003257,61.16437911987305,96.315918000073,0
1511,1.1816024780273438,1.8291670000962768,5.9642791748046875,7.346829999960391,143.1255340576172,261.2680790000468,59.12137031555176,90.5554949999896,0
1512,1.8758773803710938,2.6596760000074937,9.02700424194336,11.048566999988907,142.83990859985352,250.29356000004555,61.95712089538574,101.39890900006776,0
1513,1.9419193267822266,2.784752000025037,3.5147666931152344,4.91358300007505,139.4655704498291,255.5642899999384,61.357975006103516,92.3701600000868,0
1514,0.7033348083496094,1.0685869999633724,6.186008453369141,6.583223999996335,144.0432071685791,256.3095189999558,62.3319149017334,99.8863470000515,0
1515,1.6024112701416016,2.410146999977769,4.014730453491211,4.150079000055484,136.36326789855957,231.31744299996626,58.75563621520996,106.17147499999646,0
1516,1.2917518615722656,1.1956719999943743,6.626605987548828,7.436610999889126,139.85133171081543,256.1026090000951,62.28923797607422,92.09193700007745,0
1517,2.3488998413085938,2.825169999937316,4.147768020629883,4.750005999994755,135.77795028686523,249.29784799996924,82.7789306640625,124.37026700001752,0
1518,0.8151531219482422,1.1843139999427876,6.194591522216797,6.5697219999947265,200.06775856018066,307.1605840000302,76.78413391113281,70.88342999998076,0
1519,1.83868408203125,2.8008929999714383,4.316568374633789,4.810967000025812,154.4649600982666,273.6512070000572,58.97355079650879,94.99065099998916,0
1520,1.8124580383300781,2.676328999996258,6.680011749267578,6.727247000071657,139.09077644348145,227.28358699998807,56.47730827331543,114.36753499992847,0
1521,0.8349418640136719,1.3327060000847268,3.974437713623047,4.529894000029344,137.9067897796631,239.8591190000161,59.778690338134766,102.78886899993722,0
1522,1.1932849884033203,1.7848909999429452,8.123397827148438,8.823421999977654,143.51415634155273,252.8195569999525,56.1976432800293,96.83339100001831,0
1523,1.3523101806640625,2.288570000018808,3.9234161376953125,4.561580999961734,146.8522548675537,213.1403619999901,59.21339988708496,145.37339599996812,0
1524,0.9644031524658203,1.4409090000526703,6.857395172119141,7.402318000004016,142.93909072875977,253.70646900000793,57.80339241027832,97.9995019999933,0
1525,2.428770065307617,1.4723070000854932,5.020380020141602,5.779162999942855,142.06933975219727,260.6527070000766,83.09650421142578,120.57150800001182,0
1526,5.460023880004883,8.489102999988063,9.71364974975586,9.724862999973993,143.524169921875,258.9893800000027,58.07852745056152,93.49486999997225,0
1527,2.2335052490234375,3.0421389999446546,3.3028125762939453,3.5960679999789136,135.97416877746582,240.1167149999992,62.608957290649414,103.70482399991943,0
1528,1.3153553009033203,2.0807910000257834,7.01451301574707,7.570205999968493,142.08436012268066,254.11438499997985,61.59687042236328,100.81425200007743,0
1529,2.6102066040039062,4.593678999981421,3.699779510498047,4.270146000067143,141.07608795166016,257.51737399991725,60.85324287414551,92.55976299994018,0
1530,4.232645034790039,6.857806999960303,7.543087005615234,8.446495999919534,134.54079627990723,243.6538220000557,59.30733680725098,93.9478739999231,0
1531,0.7033348083496094,1.0875350000105755,4.5566558837890625,5.10320800003683,139.42670822143555,252.2017119999873,58.678627014160156,93.88609699999506,0
1532,1.7516613006591797,2.621075999968525,8.078813552856445,7.989671000018461,137.62545585632324,247.53926000005322,69.12875175476074,108.02599199996621,0
1533,1.9834041595458984,2.837248999981057,3.5619735717773438,3.8358580000021902,152.10556983947754,153.47477900002104,58.41231346130371,211.19860600003904,0
1534,1.9958019256591797,3.0837089999522505,8.084297180175781,8.837231000029533,150.13551712036133,245.13688299998648,57.91211128234863,117.60869400006868,0
1535,1.8699169158935547,2.7688900000839567,6.86192512512207,6.842287000040415,136.71422004699707,244.5400740000423,59.609413146972656,98.06325600004584,0
1536,1.0340213775634766,1.3721369999757371,6.094694137573242,6.440189999921131,144.51885223388672,261.5742369999907,62.14594841003418,96.48229200001879,0
1537,6.600141525268555,7.537815999967279,7.620573043823242,7.6309329999730835,146.03376388549805,256.28143999995245,62.17217445373535,103.76892399995086,0
1538,1.7604827880859375,2.6222580000876405,8.196115493774414,9.622821999982989,150.28047561645508,270.3491349999467,58.725833892822266,97.97968099996979,0
1539,0.8614063262939453,1.3965549999284121,3.103494644165039,3.69592900005955,138.0469799041748,249.34797200000958,57.245492935180664,90.68100699994375,0
1540,0.7028579711914062,1.0931630000641235,5.640745162963867,6.048103000011906,135.41030883789062,241.4965550000261,69.92626190185547,107.87699999991673,0
1541,1.1529922485351562,1.7095849999577695,5.662202835083008,6.956082999977298,146.82841300964355,264.37596800008123,58.19129943847656,94.91177899997183,0
1542,1.8985271453857422,2.6875150000478243,10.355234146118164,10.764140000105726,151.06821060180664,264.73765100001856,69.34046745300293,113.99631400001908,0
1543,5.005598068237305,7.907782000074803,8.265972137451172,12.151251999966917,163.70439529418945,197.20549500004836,57.464599609375,190.0014379999675,0
1544,0.9932518005371094,1.6334669999196194,10.328292846679688,8.583985000086614,139.24574851989746,245.92118200007462,63.38644027709961,103.84239499990144,0
1545,0.7183551788330078,0.6657809999524034,5.550622940063477,6.12117900004705,135.88261604309082,239.78016799992474,62.35957145690918,103.94539200001418,0
1546,3.871917724609375,5.032385000049544,11.202573776245117,11.211892999995143,155.33781051635742,280.88669799990384,57.38067626953125,92.43262500001492,0
1547,1.9414424896240234,2.7292149999311732,5.137205123901367,5.370095000102992,139.98126983642578,252.39770999996836,59.23914909362793,97.15920199994343,0
1548,2.605915069580078,3.6955189999616778,8.248090744018555,8.534976000078132,176.5463352203369,321.389808000049,80.41548728942871,127.51107899998715,0
1549,2.559185028076172,3.857736999975714,10.535478591918945,12.870723999981237,153.6400318145752,280.63867299999856,56.937217712402344,88.40131400006612,0
1550,2.023935317993164,2.865350999968541,11.623382568359375,11.261274000048616,137.62378692626953,246.03607500000635,57.640790939331055,92.36023699997986,0
1551,1.6486644744873047,2.4362929999597327,4.719257354736328,6.079932000034205,137.46070861816406,249.39989299991794,60.08028984069824,91.58126299996638,0
1552,1.9481182098388672,2.820580000047812,10.196447372436523,10.295283000004929,144.1783905029297,261.4361739999822,57.615041732788086,91.78577399995902,0
1553,0.7376670837402344,1.0891389999869716,3.1456947326660156,3.7315689999104507,135.61344146728516,199.9438260000943,57.375431060791016,135.3123210000149,0
1554,1.6014575958251953,2.4675519999846074,7.3089599609375,8.523686999978963,138.22412490844727,247.92542299996967,66.93291664123535,105.02255200003674,0
1555,3.5812854766845703,4.7406850000015766,5.684375762939453,6.079150999994454,140.66052436828613,249.85833900007037,59.2350959777832,98.29503400010253,0
1556,1.135110855102539,1.8749989999378158,5.708217620849609,6.080566000036924,135.7901096343994,243.37117900006433,63.369035720825195,101.94893999994292,0
1557,1.1878013610839844,2.0068860000037603,4.332542419433594,4.823108999971737,135.5602741241455,243.3741940000118,59.576988220214844,98.16753399991285,0
1558,1.9824504852294922,2.807913999959055,6.126880645751953,6.314489000033063,161.82518005371094,289.982225000017,61.59710884094238,101.54375299998719,0
1559,1.7676353454589844,2.592047000007369,3.8864612579345703,4.250649000027806,139.79744911193848,244.34788199994273,63.12894821166992,103.71888299994225,0
1560,1.560211181640625,2.3371810000298865,6.6242218017578125,6.796033000000534,137.2702121734619,249.47943699999087,61.80381774902344,95.66601899996385,0
1561,1.2044906616210938,1.980590000016491,6.645679473876953,7.3446840000315206,142.23146438598633,250.12713899991468,56.66065216064453,98.8987849999603,0
1562,0.8716583251953125,1.3847030000988525,8.320808410644531,8.632764000026327,137.80999183654785,243.59949300003336,61.17391586303711,103.23697000001175,0
1563,1.8928050994873047,2.7195519999168027,3.5021305084228516,4.0382500000077926,143.4791088104248,163.60680799994043,60.8515739440918,189.15537499992752,0
1564,1.0063648223876953,1.509488000010606,9.960651397705078,11.857329999998,145.6460952758789,260.70773000003555,59.51499938964844,96.877749999976,0
1565,0.7109642028808594,1.1314570000422464,4.630327224731445,5.125188000079106,136.3074779510498,245.45027599992864,62.563419342041016,94.91327000000638,0
1566,0.7114410400390625,0.6590429999278058,6.834745407104492,6.859899000005498,139.6346092224121,248.4006600000157,67.00658798217773,105.44048600002043,0
1567,1.153707504272461,1.8553219999830617,5.003452301025391,5.896248999988529,161.14091873168945,291.22474400003284,59.30376052856445,94.09736500003874,0
1568,1.4448165893554688,1.9621909999614218,7.318019866943359,9.741037000026154,143.78690719604492,261.11262799997803,67.54398345947266,98.06236199995055,0
1569,5.571842193603516,8.903191999934279,5.806207656860352,6.470771000067543,157.49645233154297,276.24160700008815,59.65852737426758,98.9594830000442,0
1570,1.8219947814941406,2.5920240000232297,11.469364166259766,15.651375999937045,149.56068992614746,268.08442499998364,57.20877647399902,92.97553099997913,0
1571,1.9147396087646484,2.7810299999373456,11.284828186035156,11.082158000021991,147.62520790100098,259.74141799997597,56.65445327758789,95.3831460000174,0
1572,2.258777618408203,3.163912000104574,8.626461029052734,9.090729000035935,138.29278945922852,232.43918800005758,57.97457695007324,109.59378600000491,0
1573,1.2235641479492188,1.9198259999484435,4.134178161621094,4.890238000029967,144.79732513427734,261.9605820000288,63.75002861022949,97.42095399997197,0
1574,1.9695758819580078,2.825416999939989,8.415699005126953,8.946080999976402,138.3826732635498,244.04537999998865,59.395790100097656,101.08478799998011,0
1575,0.7643699645996094,1.1775510000688882,3.7145614624023438,4.2897600000060265,141.2191390991211,259.43125199989936,65.24324417114258,96.0290680000071,0
1576,1.4564990997314453,2.1546269999817014,6.882667541503906,8.501528000010694,136.43121719360352,245.75297400008367,58.52007865905762,94.86928499995884,0
1577,1.5053749084472656,2.583323999942877,3.3087730407714844,3.8888349999979255,136.1098289489746,248.90638599993054,66.44415855407715,96.71437000008609,0
1578,0.8018016815185547,1.2071039999455024,5.824089050292969,6.218240999942282,140.78116416931152,248.30047199998262,66.80965423583984,107.7726349999466,0
1579,2.353191375732422,2.725193999935982,5.476236343383789,8.75317999998515,153.23948860168457,280.93607600010273,59.314727783203125,90.10385399994902,0
1580,0.705718994140625,0.6539870000779047,6.868600845336914,7.431487999951969,139.68300819396973,253.0774049999991,63.150882720947266,95.22763999996187,0
1581,0.8628368377685547,1.3170249999348016,6.178140640258789,6.977073000030032,138.5791301727295,246.91539699995246,64.31150436401367,99.4553940000742,0
1582,2.5348663330078125,3.585251000004064,9.525537490844727,10.048570999970252,139.4181251525879,184.6114940000234,58.00461769104004,158.47794600006182,0
1583,2.261638641357422,3.1011539999781235,5.122900009155273,8.359005999977853,153.34439277648926,281.79783699999916,60.41574478149414,92.30531699995481,0
1584,0.86212158203125,1.3845280000168714,5.508184432983398,5.897461000017756,138.80467414855957,253.63137599993024,63.829660415649414,96.08104500000536,0
1585,2.1593570709228516,3.031079000038517,4.608631134033203,5.415086999960295,138.82684707641602,246.58362699994996,58.928728103637695,95.8445369999481,0
1586,1.6956329345703125,2.5882820000333595,8.717775344848633,9.494056999983513,148.0264663696289,264.24031799990644,61.240196228027344,99.49739899991528,0
1587,2.4645328521728516,3.655268999978034,6.339073181152344,7.6861329999928785,141.17884635925293,250.54083899999569,58.19082260131836,92.62257300008514,0
1588,1.268625259399414,2.006888999972034,6.596565246582031,7.200395000040771,139.67585563659668,252.41104999997788,59.3266487121582,97.8949290000628,0
1589,2.7420520782470703,4.818002999968485,4.098653793334961,5.1083099999686965,142.53640174865723,253.87855300004958,58.86983871459961,99.10012599993934,0
1590,0.7584095001220703,1.1345730000584808,5.588293075561523,5.973415999960707,140.61284065246582,227.37591900011012,58.403730392456055,119.26006299995606,0
1591,1.7392635345458984,2.578020000100878,6.514310836791992,7.216310999979214,136.56282424926758,242.61456700003237,58.390140533447266,97.59093399998164,0
1592,1.1096000671386719,1.7007100000228093,8.436918258666992,9.198322999964148,136.77978515625,240.65102700001262,63.897132873535156,103.92046499998742,0
1593,0.9064674377441406,1.478510999959326,4.909276962280273,5.350922000047831,145.5090045928955,255.79467999989447,60.22787094116211,100.51452999994126,0
1594,2.997159957885742,4.134751000037795,8.875846862792969,9.534802000075615,151.5491008758545,271.81486900008167,60.09364128112793,96.9793890000119,0
1595,0.8158683776855469,0.7564180000372289,4.724979400634766,5.882091999978911,149.42002296447754,269.59002399996734,61.35082244873047,96.35285199999544,0
1596,1.8448829650878906,2.625443999932031,6.854057312011719,6.808677999970314,181.7317008972168,326.1849240000174,55.64761161804199,92.33764400005384,0
1597,0.7712841033935547,1.1604559999796038,3.3364295959472656,3.9072109999551685,146.1617946624756,260.43241299998954,57.647705078125,96.53247500000361,0
1598,1.6198158264160156,2.6995790000228226,6.115913391113281,6.400447999908465,138.3950710296631,246.7527329999939,61.35129928588867,98.91431699998066,0
1599,0.7812976837158203,1.163230999964071,3.3724308013916016,3.988205999917227,150.24685859680176,268.1135569999924,60.04810333251953,99.61508499998217,0
1600,1.5761852264404297,2.3642570000674823,8.482217788696289,10.808222000036949,142.1513557434082,253.42477099991356,59.13496017456055,94.19000599996252,0
1601,0.7030963897705078,0.6502830000272297,4.815816879272461,4.897343000038745,136.64913177490234,248.03631100007806,58.64095687866211,91.52478599992264,0
1602,0.7212162017822266,1.0822210000469568,5.6705474853515625,6.049905000054423,142.10033416748047,141.0933090000981,62.26015090942383,212.03846999992493,0
1603,0.8776187896728516,1.287718000071436,4.72712516784668,5.416053999965698,138.4568214416504,248.7772130000394,58.486223220825195,96.20760000007067,0
1604,1.6264915466308594,2.708230000052936,9.464263916015625,10.333049000109895,179.23665046691895,323.745979000023,88.12236785888672,139.42397799996797,0
1605,3.304719924926758,4.794991000039772,8.772850036621094,8.80235400006768,140.59901237487793,228.24236999997538,61.38896942138672,121.28699899994899,0
1606,1.1715888977050781,1.7635479999853487,9.827375411987305,10.38472899995213,153.58734130859375,242.257843999937,56.31899833679199,124.9300150000181,0
1607,1.9421577453613281,2.746775999980855,4.5642852783203125,4.708999000058611,141.9694423675537,231.61133899998276,58.522939682006836,117.44292399998812,0
1608,0.9796619415283203,1.596485000050052,7.411956787109375,8.098979999999756,136.2323760986328,125.76006500000858,59.58819389343262,213.25182399993992,0
1609,0.7338523864746094,1.114549000021725,5.315065383911133,6.731725999998162,144.13022994995117,232.098016000009,61.09142303466797,125.52057400000649,0
1610,1.6319751739501953,2.2778730000254654,6.572246551513672,7.9492769999660595,143.1717872619629,255.2359430000024,60.38498878479004,98.79532299999028,0
1611,1.5134811401367188,2.37756100000297,3.9234161376953125,4.294156000014482,137.82763481140137,244.57910799992533,58.55441093444824,96.3193620000311,0
1612,0.8728504180908203,1.3031260000389011,6.656646728515625,7.4356979999947725,161.63372993469238,286.46029300000464,58.573246002197266,96.98561300001529,0
1613,1.5382766723632812,2.6548759999514004,4.973411560058594,5.587332000004608,148.69379997253418,140.93719200002397,100.03018379211426,258.13775300002817,0
1614,1.7244815826416016,2.7729969999654713,9.948492050170898,12.000548000060007,156.2483310699463,262.0432440000968,57.47842788696289,110.52386800008662,0
1615,1.7826557159423828,2.624321000098462,4.745006561279297,5.255535000060263,135.78510284423828,241.04214400006185,57.090044021606445,95.8157970000002,0
1616,0.7214546203613281,0.6685589999051444,6.233930587768555,6.372050999971179,135.46228408813477,245.27956099996118,58.24780464172363,91.4973059999511,0
1617,0.7028579711914062,1.088041000002704,3.217458724975586,3.855263999980707,143.28265190124512,196.2827859999834,61.8441104888916,158.05006599998705,0
1618,1.085519790649414,1.5846449999799006,7.257699966430664,7.578104999993229,139.21713829040527,245.56762200006688,64.69178199768066,104.52275600005123,0
1619,4.513263702392578,3.109789999939494,4.817962646484375,5.367118999970444,156.13675117492676,285.5518840000286,58.071136474609375,89.51074100002643,0
1620,1.7354488372802734,2.5910580000072514,9.097099304199219,11.205757000084304,139.64462280273438,251.8320899999935,58.423519134521484,94.50110500006303,0
1621,0.8969306945800781,1.4578349999965212,5.872488021850586,6.241726999974162,141.54577255249023,252.75139099994703,62.17217445373535,99.18363100007355,0
1622,0.6043910980224609,0.9285520000048564,5.562543869018555,5.969583000023704,136.8107795715332,244.36154199997873,61.74278259277344,99.3415670000104,0
1623,0.7922649383544922,1.266610000016044,4.093647003173828,4.698311999959515,164.53838348388672,300.74259100001655,60.465335845947266,92.34454099998857,0
1624,1.943349838256836,2.75284899998951,6.373167037963867,6.763744000068073,144.2251205444336,253.41772400008722,60.90235710144043,101.44352400004664,0
1625,0.705718994140625,0.6539629999906538,3.7984848022460938,4.047910000053889,136.17825508117676,243.74912700000095,60.06312370300293,97.40315099998043,0
1626,1.0585784912109375,1.7356920000111131,5.771636962890625,6.1449899999388435,135.26391983032227,243.13759200003915,63.92717361450195,98.23409299997365,0
1627,1.3277530670166016,2.1010020000176155,3.338336944580078,5.58414600004653,135.1757049560547,244.06409700009135,62.969207763671875,97.4369209999395,0
1628,0.7104873657226562,1.1038229999940086,6.651878356933594,7.188638000002356,140.14601707458496,163.3115719999978,62.62636184692383,185.28666400004568,0
1629,0.7307529449462891,1.076407000027757,3.0655860900878906,3.661616999920625,139.54401016235352,255.84661200002756,62.90125846862793,93.41530200003945,0
1630,3.6199092864990234,4.502977000015562,11.41357421875,11.461268000061864,142.11630821228027,134.6369909999794,59.139251708984375,214.235637999991,0
1631,1.7514228820800781,2.5662719999672845,3.9594173431396484,4.961387999969702,147.9356288909912,270.2264719999903,58.750152587890625,90.35731200003738,0
1632,1.1751651763916016,1.9722470000260728,5.835771560668945,6.270423000046321,133.9092254638672,239.34033000000454,62.610626220703125,99.76947299992389,0
1633,1.1043548583984375,1.5998419999050384,4.441022872924805,5.320434999930512,172.62744903564453,307.5483410000288,63.33613395690918,101.84074899996176,0
1634,0.9126663208007812,1.2804890000097657,6.111383438110352,6.46249200008242,139.34683799743652,252.64794599991092,62.31689453125,95.45230900005208,0
1635,0.8471012115478516,1.3296360000367713,3.8275718688964844,4.357078999987607,135.9841823577881,248.55682099996557,61.07139587402344,93.00810000002002,0
1636,0.789642333984375,1.2524420000090686,10.033845901489258,10.067136000088794,158.93054008483887,284.8000439998941,57.54399299621582,92.91657100004613,0
1637,0.9744167327880859,1.5306939999391034,5.829572677612305,6.639313000050606,142.3342227935791,254.04505999995308,58.86125564575195,96.80935000005775,0
1638,2.8655529022216797,5.082511999944472,5.960941314697266,6.314670000051592,142.46749877929688,175.41418799999065,60.81724166870117,176.27815100001953,0
1639,0.7941722869873047,1.1723520000259668,3.8924217224121094,4.417870999986917,146.16942405700684,259.24326500000916,64.40162658691406,104.96159199999511,0
1640,2.153635025024414,3.0235660000244025,8.704900741577148,8.791589999987082,140.33985137939453,247.18582699995295,63.161373138427734,101.22344599994904,0
1641,1.917123794555664,2.720587999988311,4.836797714233398,5.023329999971793,138.7307643890381,251.38798000000406,57.39712715148926,89.47231199999806,0
1642,1.8968582153320312,2.6823270000022603,6.714344024658203,6.675400999938574,134.54246520996094,237.5873880000654,59.95631217956543,98.36381799993887,0
1643,0.8015632629394531,1.1766349999788872,5.025386810302734,5.488776999982292,134.89151000976562,126.01160400004119,64.00060653686523,214.7716770000443,0
1644,1.150369644165039,1.6944859999057371,10.850191116333008,11.433893000003081,152.71306037902832,270.07403400000385,59.51380729675293,97.88189500000044,0
1645,0.9615421295166016,1.5447959999619343,3.9598941802978516,4.677383999933227,147.69792556762695,266.4305109999532,60.620784759521484,91.69471199993495,0
1646,0.8487701416015625,1.2676269999474243,7.545948028564453,8.19792699996924,136.32893562316895,243.91884600004232,61.763763427734375,98.07824100005291,0
1647,1.9044876098632812,2.6922849999664322,6.935358047485352,6.896024000070611,130.58018684387207,121.27075900002637,56.5333366394043,205.1588660000334,0
1648,1.3883113861083984,2.1692700000812692,6.6127777099609375,7.143358000007538,148.37217330932617,270.1123719999714,64.12887573242188,95.26488400001654,0
1649,2.5849342346191406,3.5924819999308966,4.7321319580078125,4.8278840000648415,140.39182662963867,249.23148900006709,62.80803680419922,102.65875099992172,0
1650,0.6897449493408203,1.069742000026963,7.666349411010742,7.919040000047062,146.85487747192383,269.5487690000391,63.5221004486084,92.8360599999678,0
1651,2.2971630096435547,3.7818980000565716,6.770133972167969,8.591098000010788,146.11530303955078,264.7717529999909,65.39607048034668,98.49597199990967,0
1652,1.9638538360595703,3.1015839999781747,10.629415512084961,12.551173000019844,146.4376449584961,264.2353589999402,61.47456169128418,92.71021299991844,0
1653,1.9710063934326172,2.8013469999450535,5.715608596801758,6.065790999969067,141.91889762878418,249.2245839999896,60.19926071166992,98.64087500000096,0
1654,0.6954669952392578,1.0332229999221454,5.582094192504883,5.968430999928387,145.92909812927246,262.9798609999625,71.77042961120605,106.2927899999977,0
1655,2.656221389770508,4.648161000091022,5.279541015625,6.004907000033199,151.1213779449463,268.4632960000499,62.925100326538086,105.68208799998047,0
1656,1.1415481567382812,1.930402999960279,6.691455841064453,6.989363000002413,141.41321182250977,253.8961449999988,57.65581130981445,93.11040299996876,0
1657,3.7026405334472656,6.180424999911338,6.633281707763672,7.149828000024172,146.03924751281738,263.2546080000111,59.6013069152832,92.88241700005528,0
1658,0.7388591766357422,1.104355999927975,6.268739700317383,6.603914000038458,140.6233310699463,250.9299309999733,59.77487564086914,97.44523199992727,0
1659,0.8685588836669922,1.2925560000667247,4.222869873046875,4.8808379999627505,145.6136703491211,263.24382899997545,64.41926956176758,99.11151899996185,0
1660,0.7386207580566406,1.09565399998246,6.085872650146484,6.693880999932844,138.0608081817627,162.09206799999265,60.06217002868652,179.69189199993707,0
1661,0.7307529449462891,1.1249410000573334,3.481626510620117,4.073963999985608,136.64674758911133,245.97603499989873,59.80420112609863,92.77429000007942,0
1662,1.1162757873535156,1.5688690000388306,7.414579391479492,7.828338000081203,150.09474754333496,268.6265160000403,58.68649482727051,95.26501699997425,0
1663,1.9536018371582031,2.8020329999662863,5.265951156616211,5.547070000034182,144.9718475341797,264.3643679999741,59.051513671875,91.65703799999392,0
1664,0.7195472717285156,0.6667310000239013,7.580995559692383,7.488169999987804,142.3013210296631,254.24800400003278,63.48371505737305,101.76747399998476,0
1665,0.8893013000488281,1.4030119999688395,4.114627838134766,4.817049999928713,141.26968383789062,258.85472600009507,69.71406936645508,100.52969100001974,0
1666,3.201007843017578,4.655511999999362,11.519908905029297,11.829925000029107,147.49503135681152,265.12873199999376,58.191537857055664,94.0166739999313,0
1667,1.978158950805664,2.831487999969795,5.235433578491211,5.506953000008252,141.2196159362793,251.12212800001998,62.040090560913086,99.37287299999298,0
1668,0.946044921875,0.874748000001091,10.550260543823242,10.9815210000761,159.6999168395996,289.861473999963,88.56558799743652,142.0224400000052,0
1669,1.9104480743408203,3.2350029999861363,4.845380783081055,5.915287999982866,148.4241485595703,262.32963699999345,59.91220474243164,100.44229300001462,0
1670,3.788471221923828,6.405979000078332,7.960081100463867,10.836284999982126,145.17736434936523,225.13442400008898,57.46150016784668,128.8233200000377,0
1671,1.230001449584961,2.0469180000191045,3.3845901489257812,3.9524769999843556,140.10381698608398,227.7145279999786,56.908607482910156,115.10381699997652,0
1672,4.12750244140625,4.0228950000482655,14.095544815063477,16.927502000044115,138.8840675354004,227.23169699997925,56.5648078918457,113.21502600003441,0
1673,1.1413097381591797,1.0558000000173706,4.509210586547852,6.716947999962031,146.040678024292,236.5979310000057,58.10093879699707,118.82990200001586,0
1674,0.9682178497314453,1.4170510000894865,6.659507751464844,8.611418000100457,143.84984970092773,259.56646899999214,57.94501304626465,94.00651199996446,0
1675,1.9211769104003906,2.706365999983973,4.526376724243164,5.052428999988479,148.50378036499023,268.69909200001985,59.31401252746582,91.77524200003973,0
1676,0.7417201995849609,1.176110999949742,6.1626434326171875,6.505655000069055,137.76254653930664,230.23377499998787,58.19129943847656,108.9069990000553,0
1677,1.7826557159423828,2.630049999993389,6.294965744018555,7.16045399997256,137.7561092376709,252.04730899997685,59.212446212768555,90.51610900007745,0
1678,1.0786056518554688,1.8085359999986395,6.726264953613281,7.022494000011648,139.1911506652832,229.28764200003116,56.98847770690918,110.31134799998199,0
1679,0.7529258728027344,1.2002219999658337,4.7283172607421875,5.196364999960679,145.14493942260742,217.89398700002494,57.80839920043945,136.0879000000068,0
1680,1.6789436340332031,2.490775000069334,7.363557815551758,7.240356000011161,177.55770683288574,325.97493499997654,58.359622955322266,88.51261400002386,0
1681,0.7791519165039062,1.22156999998424,4.284143447875977,4.946870000026138,143.43857765197754,260.37162199997965,59.76366996765137,92.27059700003792,0
1682,1.949310302734375,2.734951000093133,6.68025016784668,6.678687999965405,137.62474060058594,248.1128310000713,59.76366996765137,94.52932800002145,0
1683,0.7698535919189453,1.129019000018161,3.398895263671875,3.9672590000918717,138.14210891723633,249.11382199991294,72.31521606445312,105.86272099999405,0
1684,4.476785659790039,7.973824000032437,9.265422821044922,9.806717999936154,152.09174156188965,275.4920160000438,58.123111724853516,93.14314599998852,0
1685,0.720977783203125,1.1340769999605982,3.8881301879882812,4.408308000051875,142.19379425048828,257.5749850000193,59.65709686279297,93.87540599993827,0
1686,1.9774436950683594,2.7624189999642113,8.074045181274414,10.326910999992833,139.24193382263184,246.0358460000407,58.01725387573242,96.70287199992345,0
1687,0.7443428039550781,1.1133040000004257,6.035327911376953,6.6598820000081105,138.37599754333496,247.82378599991262,58.3956241607666,95.72151800000483,0
1688,2.574920654296875,4.275807999988501,7.185459136962891,7.519400999967729,136.26646995544434,243.05198999991262,58.95042419433594,97.28072300003987,0
1689,1.94549560546875,3.1230850000838473,5.815744400024414,6.281721999926049,145.7808017730713,261.7942890000222,63.021183013916016,98.31186500002786,0
1690,0.9198188781738281,1.4674159999685799,5.310773849487305,5.7406409999885,140.2454376220703,248.31285499999467,73.9293098449707,116.86699099993803,0
1691,0.7708072662353516,1.205334999895058,4.08172607421875,4.627424999966934,143.97764205932617,258.8616919999822,59.16857719421387,95.12833600001613,0
1692,1.901865005493164,2.6889989999290265,8.018732070922852,8.399693999990632,145.52569389343262,262.93474099998093,58.58016014099121,93.38478699999087,0
1693,1.8775463104248047,2.6801209999121056,4.374265670776367,4.5384849998981736,141.2491798400879,252.15898299995843,60.866355895996094,96.92608199998176,0
1694,0.7917881011962891,1.2262590000773343,5.789518356323242,6.195899999966059,135.07819175720215,243.96096999998917,64.28313255310059,98.99545799999032,0
1695,1.9769668579101562,2.807768000025135,5.489587783813477,6.34066099996744,143.30363273620605,259.65625900005307,61.202049255371094,95.34975999997641,0
1696,0.6906986236572266,1.0704270000587712,6.580829620361328,6.91544200003591,138.65947723388672,185.37213399997654,63.5986328125,161.09724300008565,0
1697,1.4467239379882812,1.3372679999292814,8.414983749389648,8.44774100005452,358.25109481811523,485.92818700001317,61.52534484863281,221.50850800005628,0
1698,0.6389617919921875,0.5904760000703391,9.227514266967773,8.520207000060509,138.63539695739746,251.0486989999663,58.9594841003418,90.51958200006993,0
1699,1.9824504852294922,2.805869999974675,4.06956672668457,5.488082999931976,146.77143096923828,261.6645250000147,57.744741439819336,96.4407779999874,0
1700,1.2691020965576172,1.9885429999249027,11.62862777709961,11.989135000021633,139.95695114135742,253.44088099996043,63.881635665893555,98.52471599992896,0
1701,0.8268356323242188,0.7648179999932836,8.182287216186523,8.520560999954796,138.98682594299316,252.706537999984,59.28373336791992,91.29957200002536,0
1702,1.6338825225830078,2.4374500000021726,7.9936981201171875,7.808158999978332,133.0249309539795,125.937113999953,56.87975883483887,206.2155990000747,0
1703,0.7181167602539062,1.1080629999469238,4.752397537231445,5.24485599999025,138.45419883728027,246.22447399997327,60.732126235961914,98.38842099998146,0
1704,2.117633819580078,3.0190100000027087,7.296562194824219,8.016462000000502,144.35410499572754,259.10213899999235,62.91532516479492,101.226254999915,0
1705,1.9083023071289062,2.7127700000164623,6.228923797607422,4.986868000059985,145.3700065612793,259.3442859999868,62.70766258239746,100.67114999992555,0
1706,1.9664764404296875,2.817333999928451,7.1506500244140625,7.22429600000396,143.99385452270508,257.6918029999433,61.26070022583008,97.53012700002728,0
1707,2.1381378173828125,3.191617999959817,5.677461624145508,5.7397159999936775,206.84170722961426,359.2678769999793,57.19900131225586,107.10653700004968,0
1708,0.7882118225097656,1.2038030000667277,5.954504013061523,6.388513999922907,142.6558494567871,258.3044699999846,66.47133827209473,94.56135799996446,0
1709,1.7435550689697266,2.5553109999236767,6.857633590698242,6.781809000017347,144.05441284179688,249.00631299999532,57.5404167175293,102.9352939999626,0
1710,1.0042190551757812,1.653438000062124,7.180452346801758,7.450270999925124,140.46692848205566,250.10531799989622,57.94167518615723,95.00253200008046,0
1711,2.3682117462158203,4.047528000000966,5.8383941650390625,7.309299999974428,148.58412742614746,265.8159019999857,57.2659969329834,93.61892900005842,0
1712,2.5506019592285156,3.853729999946154,9.923458099365234,9.750080000003436,140.7628059387207,244.46417100000417,58.8374137878418,101.58078699998896,0
1713,1.789093017578125,2.6778139999805717,3.639698028564453,4.295430999945893,140.35725593566895,254.76321999997253,58.53986740112305,92.39682199995514,0
1714,1.1987686157226562,1.460620999978346,6.579399108886719,6.929190000050767,147.60279655456543,215.79267699996763,60.312509536743164,143.68668600002366,0
1715,0.7596015930175781,1.1341450000372788,4.853487014770508,5.358113000056619,140.36822319030762,254.86483700001372,65.24062156677246,97.24459400001706,0
1716,2.3217201232910156,3.365086000030715,10.547637939453125,11.945341000000553,145.2007293701172,256.14026699997794,58.84122848510742,98.46113199989759,0
1717,1.9135475158691406,2.71745399993506,4.750728607177734,6.465880000064317,140.89703559875488,248.66018000000167,58.50505828857422,99.2121890000135,0
1718,1.9638538360595703,2.7906529999199847,7.024288177490234,7.022392999942895,134.97495651245117,124.6002770000132,60.1043701171875,212.1023489999061,0
1719,0.7691383361816406,1.1395450000009077,3.859996795654297,4.451582000001508,137.24827766418457,245.82735900003172,66.38550758361816,102.47838999998748,0
1720,1.0442733764648438,0.967929000012191,11.91568374633789,13.18081199997323,143.99385452270508,261.4075369999682,58.28118324279785,91.85999099997844,0
1721,1.9183158874511719,2.76850000000195,4.077672958374023,4.194325999947068,136.7955207824707,239.30926000002728,62.32714653015137,102.77532399993561,0
1722,2.1240711212158203,2.8665360000559303,11.319875717163086,10.934044000009635,145.16592025756836,258.02096400002483,58.66122245788574,92.32405099999141,0
1723,1.5892982482910156,2.7035819999809974,5.045413970947266,5.810347000078764,159.2402458190918,286.0669990000133,60.138702392578125,92.2716479999508,0
1724,0.7767677307128906,1.246885000000475,6.044149398803711,6.413057000031586,143.22710037231445,254.37291299999742,70.6183910369873,109.22162899998966,0
1725,0.9722709655761719,1.5458660000149393,4.337787628173828,4.999494000003324,141.3874626159668,250.9253880000415,59.59773063659668,99.00772600008168,0
1726,1.9080638885498047,2.701468999930512,6.459712982177734,6.45992500005832,135.94913482666016,240.33632000009675,60.17494201660156,98.77899100001741,0
1727,0.7171630859375,0.6641810000473924,4.8160552978515625,4.873373999998876,135.49542427062988,243.43297099994743,72.71742820739746,109.84729300002982,0
1728,1.1093616485595703,1.6665559999182733,8.762121200561523,9.477492999963033,136.1522674560547,240.47001500002807,58.423519134521484,98.30822300000364,0
1729,1.9099712371826172,2.6956760000302893,5.267143249511719,6.0905330000196045,157.4091911315918,284.599782999976,59.08346176147461,95.37823300001946,0
1730,2.588987350463867,4.5716409999840835,7.555246353149414,7.812165999894205,141.92485809326172,257.85399500000494,62.24870681762695,94.13273099994512,0
1731,0.7114410400390625,1.0977329999377616,3.1850337982177734,3.764586999977837,139.2800807952881,254.27741400005743,57.76715278625488,89.72547200005465,0
1732,0.8714199066162109,1.2778550000120958,8.556604385375977,8.82924399991225,189.9404525756836,339.4727590000457,58.71987342834473,97.41009399999712,0
1733,1.3911724090576172,2.3663440000518676,4.52876091003418,5.016883000052985,145.24483680725098,232.3585199999343,58.31551551818848,122.10281399995893,0
1734,0.7216930389404297,1.128117000007478,5.606889724731445,5.98697300006279,145.93768119812012,258.8350910000372,64.82911109924316,104.03483499999311,0
1735,1.9330978393554688,2.72357500000453,3.514528274536133,3.9855689999512833,139.74642753601074,254.1678130000946,63.82012367248535,94.89261900000656,0
1736,1.9831657409667969,2.568654000015158,7.132530212402344,7.856123999999909,136.69967651367188,243.68082700004834,93.98531913757324,155.39931499995419,0
1737,0.7066726684570312,1.0400369999388204,3.4165382385253906,4.259541000010358,113.37161064147949,205.25907299997925,22.915363311767578,41.540199999985816,0
1738,0.4448890686035156,4.189706000033766,2.778768539428711,2.56671300007838,65.87719917297363,119.20088600004419,19.48261260986328,38.758017000077416,0
1739,0.6375312805175781,0.5897950001099161,8.136510848999023,15.049453000074209,181.75864219665527,284.5421450000458,59.43465232849121,142.27879299994584,0
1740,1.3289451599121094,2.1017110000229877,6.269693374633789,6.935249999969528,150.43067932128906,218.54368000003888,57.39617347717285,143.12134499994045,0
1741,2.033710479736328,2.8138879999914934,5.730628967285156,6.495142000062515,143.52917671203613,203.76049900005455,56.55407905578613,146.42226000000846,0
1742,0.8213520050048828,1.2980389999484032,5.992412567138672,6.345495999994455,138.23652267456055,206.91240600001493,58.1820011138916,134.76924299993698,0
1743,2.6581287384033203,4.02374099996905,8.101940155029297,9.188343999994686,138.81444931030273,214.81294399995932,58.7770938873291,126.3157629999796,0
1744,1.359701156616211,2.3017859999754364,7.128000259399414,7.396778000043014,143.27359199523926,218.58994599995185,56.928396224975586,130.95911300001717,0
1745,1.3303756713867188,1.911993000021539,5.06591796875,6.905604000053245,139.88971710205078,224.26663099997768,61.51294708251953,123.44013400002041,0
1746,0.720977783203125,1.1037819999728526,6.053924560546875,6.435282999973424,156.80956840515137,202.57788100002472,59.160470962524414,171.00377999997818,0
1747,1.1653900146484375,1.883738999936213,6.592273712158203,7.26989700001468,146.7878818511963,260.6376229999796,58.106422424316406,95.0762150000628,0
1748,2.2122859954833984,3.231380999977773,8.703231811523438,9.541598000055274,139.91022109985352,246.4897810000366,59.149742126464844,99.3665380000266,0
1749,0.7464885711669922,0.6915829999343259,3.7086009979248047,3.9212410000573072,136.98053359985352,245.7261469999139,59.73243713378906,97.16590200002884,0
1750,1.9173622131347656,3.234318000068015,8.242130279541016,8.778260999974918,191.5442943572998,344.5188189999726,58.188438415527344,95.68924800009881,0
1751,2.0570755004882812,2.8836700000738347,3.8144588470458984,4.598648000069261,139.71924781799316,249.01433599995926,62.02387809753418,98.39710800008561,0
1752,1.714944839477539,2.5189809999801582,8.018255233764648,7.832205999989128,146.50654792785645,259.15165399999296,63.27390670776367,100.16879800002698,0
1753,1.9023418426513672,2.83362400000442,5.760908126831055,8.175492000077611,136.04116439819336,186.2258410000095,58.65931510925293,150.7104380000328,0
1754,1.6782283782958984,2.5137920000588565,7.5206756591796875,7.369420999907561,164.35694694519043,296.661065999956,58.85958671569824,94.7509989999844,0
1755,1.5401840209960938,2.4531560000013997,4.27556037902832,4.4420979999131305,143.77760887145996,254.75100400001338,52.1388053894043,91.57378700001573,0
1756,0.9644031524658203,1.3090740000052392,3.454446792602539,4.418914999973822,144.3476676940918,258.1034300000056,60.02950668334961,97.50155200003974,0
1757,1.2285709381103516,2.062354000031519,4.307985305786133,4.806833000088773,136.08741760253906,245.5369009999231,61.00583076477051,94.63044799997533,0
1758,0.9102821350097656,1.482150000015281,5.931615829467773,6.31550800005698,135.023832321167,245.00073100000463,64.04972076416016,96.77240500002426,0
1759,1.608133316040039,2.4175110000896893,3.565549850463867,4.097636999972565,138.6280059814453,246.6762020000033,57.00564384460449,94.7891040000286,0
1760,2.970457077026367,2.813817000060226,6.241321563720703,6.626146999906268,146.66986465454102,262.1368469999652,74.97525215148926,107.48035999995409,0
1761,2.899169921875,4.296353999961866,11.080265045166016,11.956127999951605,160.11285781860352,288.92561600002864,58.53915214538574,91.74607800002832,0
1762,1.2640953063964844,2.129216999946948,6.99305534362793,7.271381000009569,135.30731201171875,247.27255200002674,61.17367744445801,91.80229999992662,0
1763,0.9827613830566406,1.4845040000182053,7.133245468139648,7.690504000038345,138.58342170715332,249.8226740000291,59.525251388549805,94.10784700003205,0
1764,1.9428730010986328,2.6750650000622045,7.18379020690918,7.070706999911636,135.52236557006836,242.45186100006322,60.0283145904541,94.87509600000976,0
1765,0.7569789886474609,1.1645719999933135,3.1900405883789062,3.7782309999556674,141.9241428375244,212.07615399998758,57.532310485839844,135.1205390000132,0
1766,1.650094985961914,2.4735449999298,9.673118591308594,11.063179000075252,143.98837089538574,260.6696359999887,63.80605697631836,97.58085700002539,0
1767,1.9557476043701172,2.7933669999811173,4.45103645324707,4.591992000086975,155.68947792053223,284.13188199999695,61.440467834472656,93.50258799997846,0
1768,1.931905746459961,2.710986000010962,6.868124008178711,6.8551599999864266,246.89769744873047,295.59979900000144,59.39364433288574,247.61775599995417,0
1769,4.637241363525391,7.682827999929032,3.9861202239990234,4.524897000010242,143.2783603668213,254.07901899995977,76.88093185424805,120.35115899993798,0
1770,1.3968944549560547,2.23917400001028,10.338306427001953,10.930001000019729,142.03763008117676,258.58181300009164,64.04852867126465,93.92205799997555,0
1771,0.7483959197998047,1.1383859999796186,3.1676292419433594,3.7487309999733043,143.90993118286133,257.3907500000132,59.02361869812012,96.95334699995328,0
1772,0.7383823394775391,1.0998519999247947,6.227970123291016,6.892519999951219,155.7025909423828,146.8814370000473,59.01169776916504,226.5676380000059,0
1773,1.9335746765136719,2.7227460000176507,3.435373306274414,4.029627999898366,142.00949668884277,256.84777699996175,60.54091453552246,93.92410399993878,0
1774,2.147674560546875,2.989361999993889,7.536172866821289,8.497038000086832,148.96798133850098,213.51144900006602,62.267303466796875,149.58488399997805,0
1775,1.3265609741210938,2.176648000045134,5.675554275512695,6.64397299999564,146.88730239868164,261.14978299995073,61.53368949890137,99.3188799999416,0
1776,2.6330947875976562,4.106212000010601,12.472391128540039,13.52147000000059,140.4879093170166,129.68513600003462,57.13391304016113,214.42121899997346,0
1777,1.7652511596679688,2.565466999953969,3.509521484375,3.7345419999610385,137.44449615478516,245.73373099997298,58.47501754760742,93.19990799997413,0
1778,1.1606216430664062,1.9650270000965975,6.653547286987305,6.941357999949105,135.94412803649902,247.39597799998592,58.40635299682617,90.0768539999035,0
1779,1.5635490417480469,2.3058909999917887,3.3648014068603516,4.583192999916719,136.1713409423828,241.37957400000687,58.26592445373535,96.63308099993628,0
1780,2.382516860961914,4.200190999995357,6.885766983032227,6.308568000008563,144.12689208984375,261.14325200001076,63.901662826538086,98.44375600005151,0
1781,0.7777214050292969,1.196408999931009,3.3354759216308594,3.899791999970148,148.3757495880127,268.67002200003753,65.53983688354492,100.20048399996995,0
1782,0.7150173187255859,1.1333310000054553,5.854129791259766,6.216495999979088,136.51514053344727,241.41954799995347,58.693885803222656,97.65523099997608,0
1783,0.7686614990234375,1.1810400000058507,4.271745681762695,4.769174999978532,141.62850379943848,251.0527599999932,62.227725982666016,102.64329900007851,0
1784,3.910064697265625,3.9529990000346515,12.424230575561523,13.610679000066739,136.22474670410156,156.32141300000058,62.236785888671875,183.18670100006784,0
1785,3.9200782775878906,6.922014999986459,5.843162536621094,6.976121999969109,148.7596035003662,270.44651900007466,62.346458435058594,93.55584100001124,0
1786,2.204418182373047,2.9742279999709353,6.711244583129883,7.019036000087908,138.55218887329102,246.92155000002458,58.23874473571777,96.19586899998467,0
1787,1.7275810241699219,2.5295030000052066,3.7903785705566406,4.237707000015689,138.46063613891602,250.0714049999715,59.92293357849121,94.55247599998984,0
1788,1.806497573852539,2.6603879999811397,6.347417831420898,6.658964000052947,147.48644828796387,266.1387250000189,61.82670593261719,96.20472300002803,0
1789,1.8754005432128906,2.6635510000687646,5.974292755126953,6.721702999925583,136.81888580322266,245.10217299996384,63.892364501953125,98.85626199991293,0
1790,0.7052421569824219,0.6535290000329042,6.638050079345703,6.561865999969996,131.37054443359375,121.27357700001085,57.76333808898926,207.63275900003464,0
1791,1.5342235565185547,1.9161330000088128,3.324270248413086,3.8864539999394765,145.2498435974121,237.67684099993858,58.710336685180664,119.20748399995773,0
1792,2.366304397583008,2.3874859999750697,6.342649459838867,6.298746999959803,140.9304141998291,258.18723300005786,58.09473991394043,89.2672139999604,0
1793,3.0069351196289062,2.8668649999872287,4.728078842163086,4.911359999937304,150.18916130065918,275.23920500004806,60.66250801086426,89.81767900002069,0
1794,1.9910335540771484,2.791705999925398,9.415388107299805,9.683667999979662,150.47240257263184,269.7525629999973,69.86331939697266,106.38184799995543,0
1795,1.043558120727539,1.6011430000162363,6.8111419677734375,8.070215999964603,149.32870864868164,267.62129400003687,61.82408332824707,97.95819500004654,0
1796,1.438140869140625,2.225185999918722,8.956670761108398,9.82866300000751,136.4271640777588,125.9400750000168,60.407161712646484,213.66821200001596,0
1797,0.7276535034179688,1.0832689999915601,4.67371940612793,5.141589000004387,138.1368637084961,243.7799399999676,65.24968147277832,105.27540900000076,0
1798,1.0433197021484375,1.6624239999600832,8.185386657714844,8.986930999981269,141.0083770751953,249.33571799999754,60.32085418701172,100.70290800001658,0
1799,1.9292831420898438,2.732162000029348,6.758928298950195,9.35085399999025,147.31931686401367,258.8703789999727,62.57152557373047,102.56089699998938,0
1800,0.9329319000244141,1.5447330000597503,5.659818649291992,6.036139000002549,136.85846328735352,250.32202800002779,61.19942665100098,92.10343300003387,0
1801,1.2788772583007812,1.5700499999411477,3.1969547271728516,3.790197999933298,141.6177749633789,146.33020199994462,65.63353538513184,204.2719579999357,0
1802,1.8699169158935547,2.7635320000172214,11.365890502929688,13.241295999932845,140.75660705566406,249.47101999998722,64.73278999328613,103.3134849999442,0
1803,0.7174015045166016,0.6648780000659826,4.902362823486328,5.134424999937437,139.66012001037598,220.7746080000561,59.30328369140625,122.61112200008029,0
1804,1.102447509765625,1.711989000000358,7.842779159545898,8.507041000029858,142.30060577392578,255.46480799994242,57.96360969543457,94.2482860000382,0
1805,2.0372867584228516,2.885550999963016,3.695964813232422,3.93184699998983,138.75722885131836,250.51157100006094,61.73372268676758,95.8571359999496,0
1806,0.7493495941162109,1.1461039999858258,6.112337112426758,6.503644000076747,139.8789882659912,248.9894220000224,61.23542785644531,99.63435999998183,0
1807,1.9330978393554688,2.7658100000280683,7.934093475341797,7.758425000019997,144.13213729858398,252.7440020000995,63.83514404296875,101.58758700004,0
1808,0.8585453033447266,1.4038570000138861,5.5942535400390625,5.976596000095924,138.1239891052246,252.34399399994345,63.967227935791016,94.76110000002791,0
1809,3.1936168670654297,4.314717000056589,9.382247924804688,12.533279999956903,139.07599449157715,245.08120099994812,61.188697814941406,101.13572000000204,0
1810,1.9674301147460938,2.7994130000479345,6.2503814697265625,6.4307359999702385,137.23468780517578,249.60164900005566,59.549808502197266,90.15713400003733,0
1811,0.7615089416503906,1.1257470000600733,3.6962032318115234,4.240342999992208,143.78929138183594,255.99959399994532,58.21728706359863,94.84746299995095,0
1812,1.6405582427978516,2.4699089999558055,6.761074066162109,8.833060000029036,150.0411033630371,269.91073499993945,68.20511817932129,106.00508699997135,0
1813,1.8002986907958984,2.7889450000202487,5.634784698486328,7.128748000013729,150.11000633239746,174.16592600000058,59.56888198852539,187.8426490000038,0
1814,0.7216930389404297,1.0743500000671702,6.722927093505859,7.080234999989443,137.64429092407227,247.35495999993873,61.29765510559082,96.84483499995622,0
1815,1.0166168212890625,1.0210379999762154,3.269672393798828,3.8845420000370723,135.16473770141602,124.77512999998908,57.66797065734863,209.67521599993688,0
1816,1.8310546875,2.6254880000351477,6.3724517822265625,6.6705780000120285,143.35203170776367,255.57362600000033,56.967735290527344,96.72211300005529,0
1817,3.932476043701172,3.7606099999720755,5.320549011230469,6.121382999936031,143.95403861999512,262.7394830000185,61.18345260620117,92.07418599999073,0
1818,0.7541179656982422,1.1462979999805611,7.916450500488281,8.128671999998005,143.4328556060791,253.92063899994355,59.038639068603516,98.79933800004892,0
1819,2.8350353240966797,3.79245399994943,8.544921875,8.600939999951152,171.13208770751953,310.6880650000221,58.981895446777344,91.4155010000286,0
1820,2.0530223846435547,2.5892759999806003,7.853984832763672,8.457348999968417,178.95865440368652,243.37577400001464,63.39406967163086,179.6702640000376,0
1821,0.9202957153320312,1.4025550000269504,4.251956939697266,4.95188499996857,145.65181732177734,258.59099699994204,72.1580982208252,114.66732200005936,0
1822,2.0074844360351562,3.3699209999440427,12.866497039794922,13.262808000035875,150.27856826782227,245.812428000022,56.50830268859863,115.80117699998027,0
1823,1.0762214660644531,1.6506619999745453,4.506111145019531,4.506268999989516,137.71557807922363,247.01292899999316,58.762311935424805,92.12515399997301,0
1824,4.572868347167969,7.330573999979606,6.956338882446289,8.02685400003611,137.3920440673828,247.19328000003316,59.59463119506836,94.65449599997555,0
1825,1.7209053039550781,2.518758000064736,4.332065582275391,4.485555999963253,150.85077285766602,271.1574560000827,60.89019775390625,96.6899499999272,0
1826,0.9224414825439453,1.493497999945248,5.744695663452148,6.1150039999802175,143.63646507263184,260.3897669999924,58.381080627441406,89.82612099998732,0
1827,0.8189678192138672,1.1779530000239902,4.021883010864258,4.538582000009228,141.28923416137695,257.5630150000734,62.64805793762207,94.16492900004414,0
1828,1.973867416381836,2.9120529999318023,9.041309356689453,9.880482999960805,137.84170150756836,243.3334999999488,62.400102615356445,101.06433800001469,0
1829,2.9306411743164062,4.156430999955774,7.599353790283203,11.353798000072857,139.96315002441406,251.0995710000543,60.62197685241699,96.3073269999768,0
1830,1.5716552734375,2.503739999951904,7.204294204711914,7.186197999999422,216.2315845489502,389.019067999925,60.801029205322266,101.33660100007091,0
1831,0.8754730224609375,1.392239999972844,3.0739307403564453,3.6614709999867046,150.9859561920166,139.3729800000756,60.8677864074707,227.61737200005427,0
1832,0.6895065307617188,1.0833480000655982,6.013631820678711,6.390110999973331,135.23054122924805,241.83997299996918,59.18478965759277,96.10870300002716,0
1833,2.5670528411865234,3.332186999955411,6.438732147216797,7.128560999944966,136.8567943572998,245.15125899995382,58.136701583862305,95.18424199995934,0
1834,1.2736320495605469,2.135023000050751,5.939006805419922,6.297540999980811,136.49511337280273,245.87859899997966,63.019752502441406,96.90981600010673,0
1835,1.7919540405273438,2.461626000012984,6.972312927246094,10.705423999979757,139.1732692718506,244.64137300003586,60.43887138366699,101.80603200001315,0
1836,2.773761749267578,3.4933890000274914,8.86392593383789,8.779563999951279,172.84274101257324,312.53602300000694,16.8917179107666,25.65818000005038,0
1837,1.18255615234375,11.071254000057706,1.6736984252929688,3.777733999982047,69.53668594360352,127.99236800003655,59.355735778808594,93.43537600000218,0
1838,1.4226436614990234,2.0955969999931767,7.4214935302734375,9.540907000086918,136.28697395324707,193.84991000003993,57.27100372314453,143.53858599997693,0
1839,2.3703575134277344,3.8486319999719854,4.094839096069336,4.866312999979527,134.56368446350098,196.74441999995906,58.519840240478516,136.87052099999164,0
1840,0.7507801055908203,0.695604000043204,6.389379501342773,6.398074999992787,222.9158878326416,397.7891560000444,57.49249458312988,89.7318700000369,0
1841,1.8219947814941406,2.6198650000424095,5.235195159912109,6.060562000016034,182.50298500061035,326.0886269999901,63.446998596191406,101.00291499998093,0
1842,1.939535140991211,2.72792800001298,7.239103317260742,7.17519500005892,175.0633716583252,315.573105999988,33.269643783569336,40.43721799996547,0
1843,0.48732757568359375,27.27489100004732,1.99127197265625,3.6591289999705623,151.48091316223145,278.87308499998653,74.50175285339355,113.56282400004147,0
1844,1.703500747680664,2.518949999966935,8.432626724243164,8.20065400000658,166.20397567749023,288.89707799999087,61.476707458496094,92.16586500008361,0
1845,0.6654262542724609,0.6158470000627858,5.247831344604492,5.342906999999286,166.65101051330566,285.70844199998646,64.85605239868164,113.25586299994939,0
1846,1.9330978393554688,2.769505999935973,7.441997528076172,7.393901999989794,141.91269874572754,251.54726899995694,59.769392013549805,99.71498599998085,0
1847,0.7905960083007812,1.17882400002145,3.254413604736328,3.8359579999678317,140.55109024047852,250.5721499999254,57.62767791748047,94.6290949999593,0
1848,1.8050670623779297,2.5996919999897727,7.178306579589844,8.114596000041274,155.5635929107666,262.2611650000408,65.73891639709473,116.9734630000221,0
1849,0.9136199951171875,1.443553000058273,3.843069076538086,4.4822379999232,152.35424041748047,271.9882100000177,58.112144470214844,96.52723499993954,0
1850,0.701904296875,1.0953489999110388,6.449222564697266,7.033354999975927,139.02044296264648,248.0317050000167,63.709259033203125,98.72199799997361,0
1851,2.2058486938476562,2.990107999949032,4.825353622436523,5.196320999971249,144.6816921234131,258.6001000000806,63.887596130371094,101.20532999997067,0
1852,3.1538009643554688,4.4777360000125555,12.355566024780273,12.454599000079725,145.81561088562012,261.2783339999396,61.84649467468262,96.23731000010594,0
1853,0.9877681732177734,0.9135870000136492,4.6558380126953125,5.2125260000366325,139.12010192871094,249.0599170000678,59.964895248413086,96.49912099996527,0
1854,0.7011890411376953,1.039576000039233,5.791425704956055,6.15681300007509,134.77087020874023,243.84885299991765,58.493614196777344,92.35626300005606,0
1855,0.9896755218505859,1.5640929999563014,4.7054290771484375,5.2316050000627,146.3334560394287,259.9188840000579,57.854652404785156,98.35170700000617,0
1856,1.947641372680664,1.893278000011378,6.011486053466797,6.35215399995559,225.11911392211914,408.108814000002,126.72734260559082,204.2078040000206,0
1857,3.15093994140625,4.425800999911189,5.705118179321289,6.047658000056799,140.49553871154785,184.20848999994632,57.527780532836914,156.75769599999967,0
1858,0.74005126953125,1.160667000021931,6.1740875244140625,6.518762000041534,145.2617645263672,200.71243099994263,57.73758888244629,152.04797100000178,0
1859,1.260995864868164,2.042768000023898,6.203174591064453,7.041150999953061,140.54608345031738,201.90348400001312,59.16452407836914,146.75999300004605,0
1860,3.7665367126464844,4.425281999942854,6.192922592163086,6.755773000008958,143.9652442932129,211.49904700007482,57.00039863586426,140.24203400003898,0
1861,0.8223056793212891,1.2003250000134358,3.063201904296875,3.6591739999494166,139.85109329223633,218.59674299992093,57.494401931762695,127.0231739999872,0
1862,1.6067028045654297,2.503251000007367,10.118246078491211,11.054382999986956,164.3056869506836,243.64683500004958,66.8325424194336,150.4051150000123,0
1863,1.02996826171875,1.5488459999914994,4.322290420532227,5.217098999992231,139.6350860595703,195.82099000001563,56.44965171813965,146.3462909999862,0
1864,0.7233619689941406,1.1159590000033859,6.885290145874023,7.206918999941081,134.65428352355957,202.90513899999496,57.70564079284668,131.46550999999818,0
1865,1.4255046844482422,2.080120999949031,4.998445510864258,6.562589000054686,139.24670219421387,222.6536059999944,57.43551254272461,123.13027300001522,0
1866,1.3477802276611328,2.2951959999772953,5.915164947509766,6.275307999999313,138.86356353759766,233.22660999997424,59.53812599182129,110.78026699999555,0
1867,2.059459686279297,2.9047809999838137,3.5223960876464844,3.3818800000062765,145.23935317993164,247.08105399997748,58.14695358276367,104.41065000009075,0
1868,1.898050308227539,2.678335000041443,7.282257080078125,7.514189000062288,137.75086402893066,247.18858300002466,57.698726654052734,92.90866499998174,0
1869,1.7468929290771484,2.548359000002165,4.166126251220703,4.286737000029461,143.71895790100098,254.57781699992665,61.17534637451172,97.81101500004752,0
1870,2.0809173583984375,2.802671000040391,7.114410400390625,7.712746000038351,139.67418670654297,253.66210100003173,61.19537353515625,92.9238420000047,0
1871,0.7205009460449219,1.055608999990909,4.533529281616211,5.010333999962313,144.73938941955566,256.3243440000633,65.13714790344238,103.33983299994998,0
1872,0.7567405700683594,1.1236620000545372,8.342266082763672,8.511633000011898,141.46947860717773,253.2296279999855,59.173583984375,94.6376600001031,0
1873,0.9067058563232422,1.4817879999782235,3.386259078979492,3.9557389999345105,139.8475170135498,249.35802699997112,59.59486961364746,96.34860799997114,0
1874,1.6903877258300781,2.817020000065895,6.702423095703125,7.301503999997294,137.12072372436523,244.88312799996947,60.692787170410156,98.3989249999695,0
1875,1.0161399841308594,1.6966790000196852,3.3664703369140625,3.938906000030329,136.69204711914062,247.0899400000235,59.87429618835449,93.70466999996552,0
1876,1.7061233520507812,2.511395999931665,6.6661834716796875,6.578342000011617,142.82464981079102,252.29095999998208,60.834407806396484,101.54250499999762,0
1877,5.676031112670898,8.918293999954585,7.965564727783203,10.883626999998341,150.79474449157715,214.72272899995914,59.728145599365234,149.73174199997175,0
1878,0.6992816925048828,1.0325540000621913,5.63812255859375,6.014509000010548,137.25519180297852,245.07627000002685,63.971519470214844,100.91831399995499,0
1879,0.7088184356689453,0.6567149999909816,4.922389984130859,4.9703820000104315,136.01970672607422,240.85234499989383,57.833194732666016,96.88861299991913,0
1880,0.7903575897216797,1.1568169999236488,6.007194519042969,6.36219600005461,153.1846523284912,270.60883299998295,75.21772384643555,127.93761699992956,0
1881,2.338886260986328,3.4773969999832843,9.142398834228516,11.562902000036956,179.30841445922852,324.0774239999382,105.45182228088379,160.28935100007402,0
1882,2.501964569091797,3.694469000038225,9.949922561645508,10.341315000005125,163.66004943847656,235.04379799999242,58.01510810852051,152.56694800007153,0
1883,0.7987022399902344,1.2652099999286293,4.141569137573242,4.724114000055124,138.19456100463867,244.4669269999622,62.91079521179199,102.45316399993953,0
1884,1.8579959869384766,2.87680700000692,8.47935676574707,9.303339999974014,149.86085891723633,269.7298770000316,58.4263801574707,93.6351210000339,0
1885,1.2066364288330078,1.659793000044374,3.9348602294921875,5.976795000037782,142.0154571533203,202.76935200001844,63.54165077209473,150.54918100008763,0
1886,0.9481906890869141,1.4532010000039008,7.580041885375977,8.82968600001277,140.1047706604004,202.2563400000763,58.70318412780762,142.8234780000821,0
1887,3.9627552032470703,4.599739000013869,4.203319549560547,4.567389000044386,137.47930526733398,208.7838819999206,56.4727783203125,130.21561100003964,0
1888,1.9462108612060547,2.7543600000399238,6.611108779907227,6.592846999978974,137.28594779968262,220.61232900000505,57.721853256225586,119.02429299993855,0
1889,2.305746078491211,3.064128999994864,3.496408462524414,4.090113999950518,136.75689697265625,234.47361499995623,59.42535400390625,105.50101700005143,0
1890,1.2655258178710938,1.2751509999588961,6.662607192993164,7.115545000033308,145.35951614379883,263.69202199998654,58.2432746887207,92.01133599992772,0
1891,0.7033348083496094,1.0945529999162318,5.075693130493164,5.515893999927357,147.38082885742188,257.174336999924,49.376726150512695,88.91310599994995,0
1892,0.4696846008300781,0.5854559999534104,2.908468246459961,3.6183619999974326,132.9338550567627,189.8343749999185,60.52231788635254,145.399201000032,0
1893,1.9271373748779297,2.7863940000543153,3.725767135620117,3.9757499999950596,147.40252494812012,258.34831500003475,63.010454177856445,102.94131900002412,0
1894,1.851797103881836,2.704667999978483,7.3757171630859375,7.300417000010384,136.5833282470703,248.20664800006398,58.95423889160156,91.97371699997348,0
1895,1.9652843475341797,2.811012999927698,6.870031356811523,6.364462999954412,134.7508430480957,124.81871399995725,58.34650993347168,209.68286699996952,0
1896,1.6875267028808594,2.4973430000727603,8.246898651123047,8.830901000010272,149.2445468902588,271.9416070000307,92.62919425964355,139.78265900004772,0
1897,2.681255340576172,3.640214999904856,4.9037933349609375,5.731654999976854,154.19363975524902,276.7147050000176,60.65034866333008,98.47474699995473,0
1898,2.048015594482422,2.9045380000525256,6.886959075927734,6.790372000068601,146.66366577148438,262.24981699999717,58.79974365234375,95.76105000007828,0
1899,1.7576217651367188,2.581687999963833,3.564119338989258,4.1541460000189545,334.60068702697754,449.01024299997516,61.65337562561035,254.49951200005216,0
1900,1.6620159149169922,2.4659179999844127,7.216930389404297,7.096789000001991,315.9375190734863,291.63828600007946,60.37640571594238,380.2600539999048,0
1901,1.4348030090332031,1.9791959999793107,5.811452865600586,7.791634000000158,155.63702583312988,281.93682699998135,58.69889259338379,93.3085269999765,0
1902,1.9145011901855469,2.698710000004212,7.461786270141602,8.091359999980341,247.4198341369629,228.39308999994046,59.90028381347656,315.7267369999772,0
1903,1.001119613647461,1.1778709999816783,2.9473304748535156,3.5477400000445414,138.0002498626709,244.18087999993077,61.29860877990723,100.97532499992212,0
1904,2.315044403076172,3.225219000000834,9.54437255859375,8.727109999995264,139.52016830444336,250.163513000075,63.17019462585449,101.25867600004312,0
1905,1.91497802734375,2.716815999974642,5.890607833862305,5.939259000001584,136.9493007659912,127.17227999996794,60.35280227661133,213.6056339999186,0
1906,0.8578300476074219,1.273236999963956,6.330251693725586,6.662381999944955,135.13588905334473,240.73920000000726,62.84356117248535,100.6546180000214,0
1907,1.584768295288086,2.3308410000026925,4.928350448608398,7.280679000018608,134.74559783935547,240.66159500000595,63.886404037475586,100.96821999991334,0
1908,2.480030059814453,3.3619669999325197,10.660171508789062,11.499772999968627,140.85006713867188,249.54133300002468,59.62944030761719,100.34035700005006,0
1909,2.1071434020996094,2.994752000063272,6.453752517700195,7.23633500001597,144.07014846801758,258.5800620000782,60.26458740234375,98.8880469999458,0
1910,2.2966861724853516,3.2704269999612734,8.825540542602539,9.286359999919114,143.8748836517334,259.9740150000116,70.98865509033203,107.36418099997991,0
1911,2.630472183227539,3.2872269999870696,5.276679992675781,6.6024330000118425,136.0797882080078,246.26475999991726,57.28292465209961,92.0320279999487,0
1912,0.7412433624267578,1.1493609999888577,5.517005920410156,5.90575900002932,147.73964881896973,258.62206500005414,61.08713150024414,104.68677400001525,0
1913,1.0597705841064453,1.7712650000021313,4.315853118896484,4.8122119999334245,136.51299476623535,242.84575900003347,64.65291976928711,105.49208399993404,0
1914,1.191854476928711,1.8554230000518146,7.513284683227539,9.405133000086607,144.61278915405273,253.840944999979,61.575889587402344,103.85763000010684,0
1915,1.9500255584716797,2.775675000066258,4.495859146118164,4.756873000019368,152.2684097290039,275.1595820000148,81.67362213134766,131.29715000002307,0
1916,2.5484561920166016,3.656984000031116,7.537603378295898,7.555885999977363,150.08044242858887,267.74013400006424,56.94985389709473,95.60678100001496,0
1917,2.4209022521972656,3.420004000076915,6.860017776489258,8.032948999925793,148.1618881225586,265.6844530000626,59.22055244445801,96.07458300001781,0
1918,3.6966800689697266,6.086386999982096,6.276130676269531,6.585864999919977,140.01154899597168,248.04064800002834,59.76080894470215,100.00754600002892,0
1919,1.8858909606933594,2.725499000007403,5.476713180541992,5.5969249999634485,137.7236843109131,242.11150700000417,59.94606018066406,102.6329149999583,0
1920,0.7381439208984375,1.1621010000908427,11.696338653564453,8.959287000038785,139.5409107208252,249.5516650000127,57.91306495666504,95.32394300003943,0
1921,2.719402313232422,4.687968999974146,3.9434432983398438,4.917884999940725,135.9097957611084,248.13270800007103,58.855295181274414,92.9894719999993,0
1922,1.909494400024414,2.695381000080488,7.340908050537109,7.976580999979888,141.77250862121582,254.16852899991227,69.57769393920898,115.62771599994903,0
1923,2.2094249725341797,3.7965049999684197,6.182670593261719,7.623577000003934,155.0748348236084,196.194179000031,64.86678123474121,180.22685999994792,0
1924,1.1818408966064453,1.7252290000442372,9.54580307006836,10.383323000041855,311.2478256225586,568.0642519999992,59.89980697631836,99.12325799996324,0
1925,2.1932125091552734,2.907024000023739,5.734920501708984,6.730756000024485,153.61475944519043,274.2162010000584,58.43639373779297,96.58944199998132,0
1926,1.6810894012451172,2.483252000047287,6.9179534912109375,6.95213500000591,137.4356746673584,246.16825800001152,59.30042266845703,97.07926800001587,0
1927,1.6682147979736328,2.474395999911394,5.1097869873046875,5.190115999994305,264.58191871643066,479.0582269999959,57.248830795288086,96.253375999936,0
1928,1.7852783203125,2.6792329999807407,7.477521896362305,7.327598999950169,168.351411819458,304.0089460000672,58.00032615661621,94.30116199996519,0
1929,1.3437271118164062,2.2131599999966056,3.688812255859375,4.363887000067734,144.75154876708984,254.87582300002032,56.93840980529785,95.74398699999165,0
1930,1.934051513671875,2.723111000022982,6.159305572509766,6.179021999969336,134.99927520751953,244.32259100001374,61.65003776550293,95.06335300000046,0
1931,0.7379055023193359,0.6838390000893924,4.8236846923828125,4.8938740000039616,145.91240882873535,256.1070919999793,57.98745155334473,98.99088899999242,0
1932,1.9402503967285156,2.747658999965097,5.967378616333008,6.246497999995881,141.17097854614258,256.7564419999826,60.81056594848633,98.21666499999537,0
1933,0.7274150848388672,1.0820450000892379,3.2379627227783203,3.8342479999755597,142.26365089416504,254.84636799990312,64.96071815490723,101.71380799999952,0
1934,1.9392967224121094,2.752175000068746,10.757684707641602,13.23570399995333,156.02660179138184,274.96195899993836,57.750701904296875,99.77866300005189,0
1935,2.4847984313964844,3.2310720000623405,4.538059234619141,4.673176999972384,174.70288276672363,308.5827720000225,57.91044235229492,100.27208700000756,0
1936,1.9953250885009766,2.824490999955742,10.753631591796875,10.452055999962795,143.8608169555664,253.04269799994472,57.491302490234375,97.6445539999986,0
1937,1.4243125915527344,2.4282480000010764,3.3881664276123047,3.9543479999792908,145.6015110015869,264.860993999946,64.47196006774902,97.84797700001491,0
1938,0.7581710815429688,1.1623039999903995,8.171319961547852,8.416065999995226,146.58021926879883,260.73953699994945,57.38115310668945,95.48760600000605,0
1939,0.8592605590820312,1.3302319999866086,4.530668258666992,5.150235999963115,145.27273178100586,257.0413710000139,56.989431381225586,97.37262099997679,0
1940,1.8661022186279297,2.653488999953879,5.863666534423828,6.087259999958405,147.59469032287598,265.52216200002476,98.77729415893555,160.96418200004337,0
1941,1.3828277587890625,2.165988000001562,7.411718368530273,7.274016999986088,137.03680038452148,239.97096699997655,59.95750427246094,100.99303899994538,0
1942,2.034425735473633,2.902644000073451,6.265401840209961,6.560529000012139,143.74852180480957,255.0192060000427,61.02252006530762,98.59216400002424,0
1943,2.834320068359375,4.01891000001342,4.784822463989258,6.728593000048022,143.89634132385254,258.5407970000233,57.596445083618164,93.15967800000635,0
1944,0.7829666137695312,1.2257099999715138,5.806207656860352,6.170067999960338,145.47109603881836,256.7588720000913,62.407732009887695,103.07787199997165,0
1945,1.5215873718261719,2.280875999986165,4.542827606201172,6.903906000047755,136.71612739562988,242.68266699994,58.27188491821289,97.63264799994431,0
1946,0.7138252258300781,1.0584780000044702,6.245613098144531,6.858813999997437,141.6459083557129,249.0679300000238,61.28978729248047,102.60237199997846,0
1947,1.9309520721435547,2.7159230000961543,4.254579544067383,4.416179000031661,143.23782920837402,253.44863700001952,58.45141410827637,95.04018799998448,0
1948,2.0864009857177734,2.9926280000154293,6.613016128540039,6.646664999948371,149.49798583984375,268.0782280000358,59.03887748718262,97.26787600004627,0
1949,1.6546249389648438,2.27389300005143,6.646871566772461,8.4814249998999,148.28968048095703,266.3582840000345,62.27898597717285,101.24891199996,0
1950,1.0862350463867188,1.7997280000372484,8.089542388916016,8.359186999996382,148.04911613464355,219.15327700003218,56.5640926361084,137.43430100009846,0
1951,1.9469261169433594,2.733518000013646,4.6291351318359375,5.024590000061835,137.681245803833,245.63264300002174,56.72764778137207,92.88269000001037,0
1952,2.0134449005126953,2.859780999983741,10.708093643188477,10.507460000098945,162.95433044433594,287.0928959999901,59.74745750427246,101.21994700000414,0
1953,2.0194053649902344,2.887875999931566,4.649639129638672,5.49891100001787,143.6152458190918,258.63836899998205,60.47773361206055,96.5247859999181,0
1954,1.941680908203125,2.725203000068177,8.275985717773438,9.243760000003931,143.80192756652832,217.63700400003927,63.5223388671875,138.47992099999828,0
1955,0.9174346923828125,1.350215999991633,4.333019256591797,5.365154999935839,141.9672966003418,247.34835500009922,57.19900131225586,96.94949499998984,0
1956,4.586696624755859,2.722274000007019,7.932901382446289,7.880369999952563,140.97976684570312,250.92992100007905,58.370351791381836,92.57913900000858,0
1957,1.5156269073486328,2.252724999948441,8.583307266235352,10.746697000058703,137.9251480102539,246.80391499998677,59.6163272857666,95.81102599997848,0
1958,0.8370876312255859,1.3013740000360485,5.887508392333984,6.242832999987513,139.47749137878418,248.48975200006862,64.7428035736084,102.67682500000319,0
1959,2.087831497192383,2.9132649999610294,3.873586654663086,4.245956999966438,145.0033187866211,258.10594000006404,58.16507339477539,96.07001400001991,0
1960,2.308368682861328,3.43951799993647,10.376453399658203,12.094046000015624,152.4944305419922,150.23406099999193,60.94717979431152,219.01210700002594,0
1961,1.0776519775390625,1.6668119999394548,4.53639030456543,5.424956999945607,135.25390625,237.74669399995219,63.69638442993164,103.61803499995403,0
1962,3.1609535217285156,4.3603199999324715,10.994672775268555,12.666605000049458,133.42618942260742,123.1696559999591,57.272911071777344,208.1803910000417,0
1963,0.9992122650146484,1.5991899999789894,3.195524215698242,3.84459200006404,143.0208683013916,257.17120499996327,75.54888725280762,109.43515299993578,0
1964,2.125978469848633,3.6224870000296505,9.932756423950195,10.503650999908132,158.97488594055176,288.3246379999491,59.090375900268555,91.1948499999653,0
1965,1.9786357879638672,2.807074999964243,4.297018051147461,5.218271999979152,138.17501068115234,250.2407360000234,59.07297134399414,89.86716199990497,0
1966,1.974344253540039,2.8272149999111207,9.587287902832031,11.057033000042793,139.91546630859375,249.8420360000182,58.49647521972656,95.4463369999985,0
1967,0.6995201110839844,1.0890219999737383,3.134012222290039,3.879003000065495,144.73986625671387,257.0917880000252,63.42124938964844,102.92307099996378,0
1968,0.7874965667724609,1.2382930000285342,6.501913070678711,6.814050999992105,139.96505737304688,252.84486700002162,58.548688888549805,94.47817599993868,0
1969,1.9049644470214844,2.694173000008959,4.845380783081055,5.669630999932451,142.1031951904297,252.8587009999228,62.165021896362305,99.9119980000387,0
1970,0.7326602935791016,1.123669999969934,6.156444549560547,6.563957000025766,135.6666088104248,242.61056599993935,62.81304359436035,103.86697199999162,0
1971,0.7085800170898438,1.1238499999990381,3.141164779663086,3.724315999988903,152.70209312438965,269.80403999993996,62.09850311279297,103.57339299991963,0
1972,2.8018951416015625,4.136420000008911,12.36104965209961,12.326388000019506,164.09850120544434,298.9930189999086,63.71283531188965,95.03161800000726,0
1973,1.146554946899414,1.881499999967673,3.754138946533203,4.436419999933605,138.89789581298828,250.23138099993503,72.26824760437012,108.40772300002754,0
1974,2.8150081634521484,4.085795999912989,15.435934066772461,16.30562800005464,150.04229545593262,267.7265229999648,60.39094924926758,98.40612300001794,0
1975,1.6613006591796875,2.8255649999664456,3.5605430603027344,4.095902000017304,137.0866298675537,248.05614000001697,58.76469612121582,94.09947300002841,0
1976,1.6393661499023438,2.4340560000837286,10.67209243774414,11.05693700003485,136.96002960205078,243.8541349999923,57.38043785095215,96.43888799996603,0
1977,1.9750595092773438,2.7531319999525294,3.8657188415527344,4.002323000008801,136.62314414978027,248.420034999981,56.565284729003906,90.75444600000537,0
1978,0.69427490234375,1.025469000069279,6.246089935302734,6.578547999993134,136.17944717407227,240.34809700003734,61.39993667602539,104.0342740000142,0
1979,2.5949478149414062,3.8618410000026415,8.413076400756836,11.640469999974812,147.08352088928223,176.31569500008482,62.48641014099121,179.0519520000089,0
1980,1.9037723541259766,2.692550000006122,6.5135955810546875,6.900883999946927,133.93926620483398,243.44363800003066,62.91007995605469,96.47313400000712,0
1981,1.1012554168701172,1.3086999999813997,5.294084548950195,6.381353999927342,145.16472816467285,263.67035900000246,58.90512466430664,91.54328099998565,0
1982,0.7154941558837891,0.6628789999467699,8.100271224975586,7.96009199996206,138.24176788330078,249.7228360000463,57.31010437011719,91.0479489999716,0
1983,1.931905746459961,2.744856000049367,4.757165908813477,4.864085000008345,137.4189853668213,242.19889800008332,60.22071838378906,103.042328000015,0
1984,1.9087791442871094,2.6967750000039814,6.504297256469727,6.492204999972273,149.59478378295898,271.2293540000701,62.0579719543457,95.39579099998718,0
1985,1.9562244415283203,3.0428899999606074,9.792089462280273,9.873448000007556,142.40288734436035,259.33588899999904,60.2719783782959,92.6851080000688,0
1986,0.8187294006347656,0.7587410000269301,8.540630340576172,9.136366000007001,138.04864883422852,249.59232999992764,58.550119400024414,93.64104100006898,0
1987,1.865386962890625,3.653061000022717,6.47735595703125,7.2627910000164775,142.93265342712402,253.1046620000552,58.02464485168457,98.85337499997604,0
1988,0.7674694061279297,1.1692429999357046,5.925893783569336,6.29231899995375,140.5653953552246,248.66899200003445,58.835506439208984,99.93626200002836,0
1989,0.6036758422851562,0.9094560000448837,5.035400390625,5.514171999948303,142.3795223236084,259.9368639999966,60.187339782714844,91.86717800002953,0
1990,0.7565021514892578,1.164678999998614,8.102893829345703,8.293993000052069,146.0108757019043,257.88535500009857,83.80818367004395,129.2916840000089,0
1991,1.970052719116211,3.1310870000424984,5.952358245849609,7.341403000054925,143.16034317016602,255.69771799996488,57.878971099853516,95.58658499997819,0
1992,1.7120838165283203,2.5565429999687694,7.269620895385742,8.209975999989183,136.47222518920898,244.49831399999766,59.54265594482422,95.92900699999518,0
1993,0.8561611175537109,1.3635149999799978,3.316640853881836,3.8922049999428054,139.84131813049316,248.9489299999832,59.26012992858887,94.26323100001355,0
1994,0.7951259613037109,1.2807719999727851,6.105899810791016,6.537139999977626,142.29202270507812,131.35640399991644,60.88447570800781,222.421211999972,0
1995,0.7224082946777344,1.0834099999783575,4.040241241455078,4.554348000056052,151.79157257080078,216.7162579999058,57.576894760131836,151.2466739999354,0
1996,0.8647441864013672,1.3881749999882231,5.596399307250977,5.976266000061514,134.9623203277588,243.93659600002593,65.65642356872559,99.57584699998279,0
1997,0.7078647613525391,1.093065999953069,4.398345947265625,4.886658999907922,136.6140842437744,244.30546499991124,60.24360656738281,97.96955999991042,0
1998,2.7565956115722656,2.5378759999057365,7.718324661254883,8.45233300003656,140.40470123291016,255.78903600001013,69.96774673461914,103.79247299999861,0
1999,0.8885860443115234,1.4162710000391598,4.107475280761719,4.754193999929157,146.99363708496094,260.2101730000186,58.51411819458008,97.32828900007462,0
2000,0.7178783416748047,1.0909149999633883,9.259700775146484,9.386687000073834,143.24450492858887,258.96461499996803,59.80539321899414,94.06544399996619,0
2001,1.4638900756835938,1.9623199999614371,4.782676696777344,5.226680000077977,136.88039779663086,248.78185700003996,58.58874320983887,91.28665699995508,0
2002,0.8268356323242188,1.1992930000133128,5.776166915893555,6.14120099999127,140.53678512573242,253.81316200002857,59.60798263549805,93.28775599999517,0
2003,0.9419918060302734,1.3942520000682634,3.967761993408203,4.625316999977258,142.3053741455078,256.1877809999942,61.60449981689453,97.92137099998399,0
2004,0.7212162017822266,0.6683340000108728,6.082296371459961,6.362945999967451,145.08676528930664,263.4334570000192,64.7432804107666,98.65018200002851,0
2005,1.0302066802978516,1.4405220000526242,5.499839782714844,6.144619999986389,141.3259506225586,249.48177600003874,59.70287322998047,101.52468100000078,0
2006,1.9309520721435547,2.710038000032,7.276296615600586,7.626318999996329,137.2225284576416,251.2712750000219,58.403968811035156,90.42543900000055,0
2007,0.7200241088867188,1.1231979999593023,3.3643245697021484,3.9908819999254774,137.21847534179688,245.23692800005392,59.00073051452637,93.9339789999849,0
2008,1.834869384765625,2.645226999902661,7.227420806884766,8.487311000067166,138.00978660583496,245.19619700004114,62.25991249084473,100.75585100003082,0
2009,2.685070037841797,3.027862999942954,5.369901657104492,6.363533000012467,145.00856399536133,259.1122889999724,112.82014846801758,197.12452199996733,0
2010,2.1734237670898438,2.963734999980261,8.65793228149414,9.288547999972252,152.56738662719727,272.0394379999789,90.362548828125,140.24671599997873,0
2011,1.7483234405517578,2.9367279998950835,5.043268203735352,6.051928000033513,145.3702449798584,220.83246600004713,57.12270736694336,132.9021860000239,0
2012,1.9562244415283203,2.738239999985126,9.381771087646484,9.242174000064551,142.30918884277344,219.71725100002004,56.37049674987793,126.94623400000182,0
2013,1.367330551147461,2.0462640000005194,3.742218017578125,4.550420999976268,148.42963218688965,237.1745179999607,57.091712951660156,124.12575899998046,0
2014,1.9581317901611328,2.744577999919784,7.934331893920898,8.52500799999234,138.95440101623535,228.5447120000299,62.279462814331055,118.3520800000224,0
2015,0.7543563842773438,1.1354159998973046,3.131866455078125,3.71591200007515,143.86248588562012,243.20773100009774,57.16085433959961,107.66184199997042,0
2016,1.386404037475586,2.3646700000199417,6.072521209716797,6.465702000014062,135.65492630004883,242.8989329999922,58.664560317993164,94.02574299997468,0
2017,0.7407665252685547,1.1406769999666722,3.045320510864258,3.6410960000239356,138.20743560791016,252.411863999896,61.1262321472168,90.76099499998236,0
2018,1.1391639709472656,1.4288080000142145,7.83848762512207,8.308400999908372,135.18333435058594,182.97581700005594,58.028221130371094,153.13220200005162,0
2019,1.5747547149658203,2.3751520000132587,3.3502578735351562,5.868611999972018,144.16837692260742,256.5690710000581,65.66810607910156,101.92325299999538,0
2020,3.8678646087646484,4.996129000005567,13.581275939941406,14.28886499991222,151.42393112182617,275.9673499999735,58.80022048950195,90.5005990000518,0
2021,1.9938945770263672,2.8206219999447057,6.107807159423828,6.920836999938729,144.54102516174316,255.93636899998273,60.61744689941406,98.03945699991345,0
2022,1.5444755554199219,2.5118780000639163,9.764432907104492,10.3530229999933,148.4682559967041,271.2365830000181,62.35218048095703,92.73385799997413,0
2023,0.7333755493164062,1.1061730000392345,3.118753433227539,3.7078219999102657,138.97418975830078,252.38408100005927,60.5466365814209,93.95590499991613,0
2024,1.9004344940185547,2.691864999974314,6.342887878417969,6.3960069999211555,141.93367958068848,253.49720600002001,62.34622001647949,100.24218099999871,0
2025,0.6954669952392578,1.0781540000834866,3.6194324493408203,4.16484799995942,138.59295845031738,246.82612099991275,60.59074401855469,100.15726599999653,0
2026,1.970529556274414,2.749436000044625,6.313323974609375,7.105776999992486,136.0914707183838,241.3561099999697,59.39936637878418,98.37883800003056,0
2027,1.8315315246582031,3.139686999929836,4.5490264892578125,5.520329999967544,143.22566986083984,238.86272599997938,59.232234954833984,110.6686109999373,0
2028,0.7460117340087891,1.1602680000351029,5.593061447143555,5.991241000060654,148.88501167297363,272.59272599997075,58.72321128845215,89.39068999995925,0
2029,1.4255046844482422,2.0786310000175945,3.541231155395508,4.591159000028711,147.40443229675293,262.72092700003213,68.15099716186523,107.36612799996692,0
2030,2.0275115966796875,2.993975000094906,9.216070175170898,11.434235000024273,146.91591262817383,263.67011900003945,65.63997268676758,102.36137399999734,0
2031,1.9118785858154297,2.7198459999908664,6.118535995483398,6.14113900007851,135.92195510864258,239.1751249999743,58.78806114196777,100.1767299999301,0
2032,0.7283687591552734,1.1475940000309492,5.61213493347168,5.9953679999580345,135.93435287475586,242.84005399999842,61.39039993286133,100.02478800004155,0
2033,1.9030570983886719,2.7085439999154914,5.344390869140625,5.4123139999546765,136.21926307678223,241.61909200006448,59.41653251647949,96.51056999996399,0
2034,1.707315444946289,2.8297520000251097,7.172584533691406,7.785420000004706,161.9715690612793,288.3576509999557,60.2724552154541,100.05158399997072,0
2035,1.1835098266601562,1.8407999999681124,3.6389827728271484,4.408305000083601,142.8077220916748,260.67406200002097,62.90006637573242,94.30998899995302,0
2036,2.0313262939453125,2.812091999999211,7.832765579223633,8.599777999961589,142.24910736083984,260.0495010000259,58.71725082397461,90.43727200003104,0
2037,2.089262008666992,2.9660860000149114,5.143642425537109,5.572431000018696,153.38540077209473,178.58640800000103,58.26687812805176,186.74943799999255,0
2038,1.9371509552001953,2.728472000057991,6.482601165771484,6.5943320000769745,139.88256454467773,250.69323499997154,59.304237365722656,96.62498799991681,0
2039,1.2638568878173828,1.9859139999880426,5.940437316894531,6.887993000077586,146.1195945739746,263.7385620000714,63.439369201660156,97.87153699994633,0
2040,0.7834434509277344,1.271634999966409,6.059169769287109,6.413399000052777,141.39604568481445,256.9912960000238,59.90171432495117,90.0488120000773,0
2041,1.9202232360839844,2.712072999997872,3.417491912841797,3.907089999984237,143.08619499206543,258.4637730000168,61.12813949584961,94.49417600001198,0
2042,2.376556396484375,3.5359620000008363,7.851600646972656,8.34825100002945,136.55424118041992,243.39897100003327,58.464765548706055,96.46230999999261,0
2043,0.7507801055908203,1.111843000103363,3.528118133544922,4.343022999933055,139.07361030578613,250.39403499999935,58.95233154296875,93.88035300003139,0
2044,1.230478286743164,2.0565900000519832,9.350776672363281,9.720953999931226,145.17736434936523,262.6697759999388,58.51340293884277,92.87778599991725,0
2045,1.9714832305908203,2.76858600000196,7.755279541015625,7.836027000053036,146.5280055999756,265.90360000000146,68.41492652893066,101.169349000088,0
2046,1.875162124633789,2.658951000057641,6.895303726196289,6.844244999911098,141.41106605529785,252.11268800001108,63.82441520690918,100.73094400001992,0
2047,0.7262229919433594,1.0853769999812357,3.8712024688720703,4.415637000079187,137.03536987304688,245.45335799996337,57.267189025878906,94.54086499999903,0
2048,1.42669677734375,2.0897499999819047,6.493091583251953,8.723860000031891,142.28463172912598,251.41012699998555,63.79294395446777,103.42618100003165,0
2049,2.000570297241211,3.2396010000184106,7.796525955200195,8.650084999999308,146.96145057678223,263.09257700006583,61.7365837097168,95.9074549999741,0
2050,2.0532608032226562,2.9117009999026777,9.160518646240234,9.094014000083916,153.8679599761963,280.4578190000484,60.13798713684082,93.55160399991291,0
2051,2.5169849395751953,3.7024990000418256,13.559103012084961,14.501558000006298,146.3797092437744,236.79778199993962,60.27555465698242,121.99616200007313,0
2052,0.7083415985107422,1.086472999986654,5.660057067871094,6.06909300006464,139.54615592956543,246.3798119999865,61.983585357666016,102.39140199996655,0
2053,1.1019706726074219,1.021202000060839,6.566047668457031,6.9706929999711065,139.23883438110352,252.48506100001578,60.1041316986084,93.25882200005253,0
2054,0.70953369140625,0.657346999901165,7.431745529174805,7.468001999995977,135.66851615905762,247.16931400007525,61.19179725646973,95.20125799997459,0
2055,1.0676383972167969,1.5697609999278939,4.390716552734375,5.364562999943701,145.6294059753418,258.4546580000051,59.33523178100586,99.66327799997998,0
2056,0.7336139678955078,1.0790869999937058,5.601644515991211,5.983590000028016,159.09504890441895,241.5237430000161,58.4564208984375,138.04687299989382,0
2057,0.9455680847167969,1.4786389999699168,4.707098007202148,5.970233999960328,141.53194427490234,257.0222349999085,59.828996658325195,92.9669140000442,0
2058,0.7147789001464844,1.0690919999660764,5.978822708129883,6.332253999971726,152.83751487731934,273.05077099993014,59.39173698425293,95.95321699998749,0
2059,0.6999969482421875,1.0839159999704862,3.169536590576172,3.7512899999683214,145.30253410339355,257.6269769999726,62.074899673461914,102.22975900001074,0
2060,2.073526382446289,2.8554530000519662,9.302854537963867,9.79326399999536,141.3106918334961,144.030171000054,60.204505920410156,205.08543899995857,0
2061,1.8391609191894531,2.6952189999747134,5.234718322753906,6.145165000020825,144.42157745361328,259.0106300000343,58.927297592163086,96.27883199993903,0
2062,1.447439193725586,2.251086999990548,6.882667541503906,8.103700999981811,139.39189910888672,248.4006770000633,66.65420532226562,107.60104599989972,0
2063,0.7879734039306641,1.1631259999376198,4.590272903442383,5.133102999934636,138.88311386108398,251.79557100000238,62.81685829162598,95.80346400002782,0
2064,0.7724761962890625,1.1040969999385197,6.832122802734375,7.75858600002266,141.9835090637207,258.7066380000351,58.348655700683594,90.91287700005068,0
2065,0.7638931274414062,1.165691999972296,3.6280155181884766,4.191138999999566,155.10869026184082,278.29647299995486,67.64030456542969,105.59154399993531,0
2066,0.6880760192871094,0.9627539999428336,6.619453430175781,6.941137000012532,138.99874687194824,133.21634800001902,58.90822410583496,210.06503700004941,0
2067,0.8082389831542969,1.237497000033727,3.0946731567382812,3.6861180000187233,79.67901229858398,140.98350899996603,60.254573822021484,97.12995699999283,0
2068,0.8020401000976562,1.1704240000653954,5.795001983642578,6.161100999975133,142.85588264465332,259.24663599994346,58.399200439453125,92.11191499991855,0
2069,0.7479190826416016,1.1160390000668485,3.3416748046875,3.930191999984345,151.03697776794434,273.23849900005825,63.84539604187012,100.78176800004712,0
2070,0.9896755218505859,1.1952539999811052,5.776405334472656,6.149329999971087,149.89924430847168,263.2097599999952,63.903093338012695,103.64457800005766,0
2071,2.0308494567871094,2.852632999974958,7.1392059326171875,7.081888000016079,217.34380722045898,390.58243499994205,63.269853591918945,103.39580800007298,0
2072,0.7948875427246094,1.1392229999955816,7.613658905029297,7.692660000088836,150.90131759643555,271.3606400000117,65.46664237976074,102.11782500005029,0
2073,0.8552074432373047,1.2976879999087032,3.602266311645508,4.199279999966166,155.44843673706055,276.4027969999461,62.21723556518555,101.5067219999537,0
2074,0.3719329833984375,0.5138830000532835,2.8612613677978516,3.127117000076396,111.1297607421875,199.35104900002898,59.87954139709473,96.2706639999169,0
2075,0.7839202880859375,1.1669499999698019,3.052949905395508,3.6509239999986676,142.2414779663086,252.69943399996464,60.10937690734863,99.40543099992283,0
2076,0.7181167602539062,1.0603910000099859,6.165266036987305,6.502302999933818,142.5471305847168,256.6048319999936,63.42792510986328,99.49975099993935,0
2077,0.9415149688720703,1.4998390000755535,3.921985626220703,4.819969000095625,215.13652801513672,382.4438230000169,72.75390625,118.86402699997234,0
2078,0.8411407470703125,1.2162670000179787,5.988597869873047,6.397945999992771,161.28301620483398,289.5828949999668,69.7627067565918,108.15855200007718,0
2079,0.9160041809082031,1.3621379999904093,7.0323944091796875,7.33007799999541,171.62179946899414,307.9621839999618,72.04532623291016,116.33589500002017,0
2080,0.7431507110595703,1.0520840000936005,7.20524787902832,7.77942400009124,168.20406913757324,298.84967999998935,24.268388748168945,43.078803000071275,0
2081,0.6189346313476562,9.761714999967808,2.712726593017578,4.973659000029329,134.08398628234863,236.9747309999184,95.10445594787598,154.2207199998984,0
2082,1.5735626220703125,2.3583800000324118,7.508993148803711,9.392833999982031,94.60020065307617,165.09089399994537,63.06171417236328,103.00158400002601,0
2083,2.326488494873047,3.1159840000327677,4.5795440673828125,4.830841000057262,179.86297607421875,279.58145500008413,78.6745548248291,165.7494679999445,0
2084,1.2543201446533203,1.9349840000586482,10.056734085083008,10.706275999950776,177.86836624145508,277.01218900006097,45.14479637145996,122.82138800003395,0
2085,0.5090236663818359,0.6936470000482586,1.9736289978027344,2.253107999990789,152.80604362487793,276.04443399991396,58.319807052612305,96.27783500002352,0
2086,1.6982555389404297,2.5301929999841377,7.865428924560547,8.194200000048113,147.28021621704102,264.01615999998285,62.5302791595459,99.26940599996215,0
2087,1.9311904907226562,2.736411999990196,4.479646682739258,4.626563999977407,176.84602737426758,322.8274619999638,61.756134033203125,94.4962129999567,0
2088,2.245187759399414,3.3985450000955097,12.534379959106445,12.328883999998652,187.82949447631836,287.41989299999204,79.81348037719727,73.68180700007088,0
2089,3.1800270080566406,135.3352270000414,10.640621185302734,17.593496999893432,173.48623275756836,320.3131509999366,63.671112060546875,98.3369699999912,0
2090,1.2569427490234375,1.9452779999937775,8.303642272949219,8.798995000006471,152.52995491027832,277.1703040000375,105.18574714660645,170.8020780000652,0
2091,1.9147396087646484,2.7010710000467952,4.993438720703125,5.83884599996054,208.726167678833,295.2255939999304,66.5595531463623,185.65820600008465,0
2092,0.7259845733642578,1.1043450000443045,8.170366287231445,8.385130999954526,150.0246524810791,267.83146699995086,74.84602928161621,113.1517270000586,0
2093,0.6575584411621094,1.0209089999762,3.7071704864501953,4.245919000027243,154.18505668640137,279.101485999945,59.851884841918945,94.91232400000627,0
2094,1.9850730895996094,2.8350459999728628,9.739398956298828,9.655923000082112,158.5979461669922,286.10159800007295,65.71388244628906,104.77845000002617,0
2095,0.9768009185791016,1.450403000035294,3.725290298461914,4.532237999910649,140.0465965270996,247.16705899993485,59.45158004760742,100.58674000003975,0
2096,1.6207695007324219,2.4698049999187788,7.034778594970703,8.20031899991136,141.91818237304688,255.6155279999075,66.3299560546875,104.5141679999233,0
2097,0.7433891296386719,1.116521000085413,4.0740966796875,4.677791000062825,157.15956687927246,280.6768699999793,68.40729713439941,108.4025450001036,0
2098,2.305746078491211,3.0824650000340625,8.31460952758789,8.167404999994687,139.80817794799805,247.00512000003982,60.60981750488281,102.38043300000754,0
2099,0.8749961853027344,1.4228819999289044,3.256082534790039,3.9486450000367768,145.34974098205566,263.3976669999356,62.20221519470215,96.85318300000745,0
2100,0.7231235504150391,1.1395170000696453,6.298542022705078,6.885614999987411,146.7742919921875,265.64684599998145,58.33554267883301,93.89549999991686,0
2101,0.6396770477294922,0.5899420000332611,7.727146148681641,7.555965999927139,141.66593551635742,250.07471899994016,57.10625648498535,99.00194400006512,0
2102,1.691579818725586,2.5631830000065747,6.124973297119141,6.7315000000007785,138.83209228515625,244.9769559999595,58.44736099243164,99.38376299999163,0
2103,0.7524490356445312,1.1614950000193858,3.4880638122558594,4.058032999978423,211.81893348693848,242.69254800003637,61.75041198730469,236.8105860000469,0
2104,1.2552738189697266,1.894742999979826,11.800050735473633,12.284727999940515,151.97157859802246,278.50749300000643,62.25419044494629,93.7912789999018,0
2105,0.9377002716064453,1.513170000066566,3.5245418548583984,4.161731000067448,156.71205520629883,276.59952800001975,66.19524955749512,110.22229900004277,0
2106,2.131938934326172,2.840262000063376,10.663270950317383,10.925081999971553,304.7595024108887,552.7921709999646,64.30792808532715,99.24714999999651,0
2107,0.7250308990478516,0.6716000000324129,6.054878234863281,6.029444999967382,242.33484268188477,245.12201599998207,62.528133392333984,291.72388100005264,0
2108,0.759124755859375,1.1147400000481866,5.725383758544922,6.103785000050266,148.46563339233398,154.51597399999173,58.68649482727051,206.82642899998882,0
2109,1.6727447509765625,2.498664999961875,4.947900772094727,4.993563999960315,167.71531105041504,300.4741450000665,70.00851631164551,107.0693010000241,0
2110,4.056692123413086,6.772846999979265,8.548736572265625,6.9959719999133085,146.46434783935547,258.6860390000538,58.51268768310547,98.49462099998618,0
2111,1.7392635345458984,2.558378999992783,3.988027572631836,7.077974000026188,138.77296447753906,246.48869199995715,85.4337215423584,127.16535100003057,0
2112,1.2993812561035156,2.0331499999883818,12.74418830871582,13.209267999968688,150.2683162689209,244.6765749999713,58.466196060180664,118.03862700003265,0
2113,2.1843910217285156,2.5952699999152173,4.928827285766602,5.932693999966432,157.8211784362793,236.12987899991822,57.40547180175781,134.06921099999636,0
2114,0.9286403656005859,1.3507969999864144,5.910634994506836,6.289287000072363,141.15190505981445,210.61372799999845,58.844566345214844,138.1445630000826,0
2115,0.7038116455078125,1.0818349999226484,2.8352737426757812,3.5485459999335944,138.6127471923828,219.14651099996263,61.092376708984375,125.97159300003113,0
2116,1.1141300201416016,1.4290960000380437,7.473945617675781,8.012951999944562,157.38940238952637,232.9555280000477,56.26249313354492,141.7691389999618,0
2117,1.2774467468261719,2.1427159999802825,4.15349006652832,4.520213999967382,144.95110511779785,208.66288900003838,59.142351150512695,145.8978720000914,0
2118,0.6418228149414062,0.873898999998346,6.224155426025391,6.555530999889925,157.24825859069824,223.8948670000127,60.48893928527832,155.251915000008,0
2119,0.7855892181396484,1.1424380001017198,4.921436309814453,5.366884999943977,161.25249862670898,207.85375499997372,58.43520164489746,171.2667549999196,0
2120,1.9011497497558594,2.6934289999189787,8.84866714477539,8.764541999994435,143.56541633605957,180.56904499997017,57.62791633605957,170.05472799996824,0
2121,1.6033649444580078,2.703673999917555,4.210948944091797,5.046225000000959,142.3165798187256,166.43173600004957,57.79671669006348,180.28206999997565,0
2122,0.919342041015625,1.3701839999384902,5.96928596496582,6.320166000023164,141.19505882263184,249.1630530000748,60.011863708496094,99.99748199993519,0
2123,0.7350444793701172,1.0715780000509767,5.224466323852539,5.6443369999215065,143.60284805297852,259.91507000003367,62.34550476074219,96.38221599993813,0
2124,0.713348388671875,1.0454560000425772,5.995988845825195,6.408369000041603,148.04625511169434,266.56765600000654,61.48195266723633,97.32543199993415,0
2125,0.9446144104003906,1.0757860000012442,3.3731460571289062,3.971255999999812,135.89811325073242,246.56603500000074,59.92603302001953,92.57133400001294,0
2126,2.511262893676758,3.5405630000013844,10.51950454711914,10.502051999992545,142.47560501098633,259.23423699998693,62.31570243835449,95.15442099996108,0
2127,1.3606548309326172,2.1426940000992545,3.8809776306152344,4.660041000079218,143.33486557006836,255.59371099996042,67.15726852416992,105.49108100008198,0
2128,0.9417533874511719,1.3982570000052874,9.965181350708008,10.29205199995431,144.85621452331543,260.81812499990065,58.60710144042969,93.08668999995007,0
2129,2.005338668823242,2.8363359999730164,3.3762454986572266,3.3930710000049658,142.35353469848633,255.23385300004975,59.24844741821289,93.64844999993238,0
2130,0.7500648498535156,1.1389740000140591,5.7811737060546875,6.147445000010521,136.07454299926758,247.58450299998458,63.8425350189209,95.84935700002006,0
2131,0.9036064147949219,1.3210030000436745,4.19163703918457,4.992809999976089,140.5014991760254,251.47728100000677,59.296607971191406,97.06142200002432,0
2132,0.7925033569335938,1.1147699999582983,6.690502166748047,6.993301999955293,144.4711685180664,260.1838109999335,66.92647933959961,99.94391499992616,0
2133,1.130819320678711,1.7240239999409823,3.5085678100585938,4.155150999963553,139.0085220336914,245.56408300009025,59.92841720581055,100.0981160000265,0
2134,1.949310302734375,2.7380920000723563,8.809804916381836,8.862241000088034,150.95758438110352,272.2157389999893,59.05508995056152,93.74941900000522,0
2135,1.9741058349609375,2.7924979999625066,3.4363269805908203,5.294456000001446,137.88723945617676,246.9645319999927,65.39058685302734,98.0791090000821,0
2136,0.8296966552734375,1.2614450000683064,5.562543869018555,5.95033299998704,135.1931095123291,242.39277599997422,60.62006950378418,98.05700599997635,0
2137,0.7812976837158203,1.1381959999425817,3.5622119903564453,4.193159000010382,141.71290397644043,250.9165330000087,63.70282173156738,102.82217399992533,0
2138,1.0666847229003906,1.6837149998991663,9.052515029907227,9.25799099991309,149.45626258850098,267.38502800003516,67.08860397338867,103.82970800003477,0
2139,6.15239143371582,8.418813999924168,7.346391677856445,8.240525000019261,151.42488479614258,203.85127999998076,59.27252769470215,162.32166100007817,0
2140,1.7559528350830078,2.5522859999682623,6.125926971435547,6.510754999908386,151.18837356567383,232.99987499990493,57.2199821472168,131.38373300000694,0
2141,2.042531967163086,2.9332730000533047,3.7508010864257812,4.00749999994332,138.31615447998047,245.27233400010573,63.887834548950195,106.82557200004794,0
2142,0.9570121765136719,1.3746370000262687,10.078907012939453,10.27129600004173,164.00861740112305,291.677168000092,61.8746280670166,103.34129000000303,0
2143,0.6792545318603516,1.042442999960258,3.056049346923828,3.6495310000645986,166.24164581298828,302.70629200003896,59.216976165771484,93.3132459999797,0
2144,0.9131431579589844,1.4105099999142112,6.429433822631836,6.754413999942699,137.91251182556152,250.09776499996406,60.048580169677734,94.64614000000893,0
2145,2.5184154510498047,4.3775700000878714,6.308555603027344,7.049022000046534,165.9102439880371,294.8849969999401,78.14311981201172,132.7346429999352,0
2146,1.8768310546875,3.1590940000114642,7.493734359741211,7.735806000027878,138.3342742919922,245.2240800000709,61.98835372924805,102.16258499997366,0
2147,2.2516250610351562,2.739384999927097,3.734588623046875,4.389427000091928,140.53082466125488,255.05545499993332,62.802791595458984,96.0647509999717,0
2148,2.112150192260742,2.9956509999919945,7.410526275634766,7.813647000034507,145.95818519592285,261.3196519999974,59.39221382141113,97.25824999998167,0
2149,1.9693374633789062,2.7666299999964394,4.107475280761719,5.279768000036711,135.85424423217773,247.0988689999558,68.2077407836914,98.4177529999215,0
2150,3.7043094635009766,5.828283000028023,11.068105697631836,11.32376199996088,150.6953239440918,266.71404799992615,59.54456329345703,99.26333300006718,0
2151,1.1341571807861328,1.9010610000123052,3.126382827758789,3.7128469999743174,138.3213996887207,246.79230799995366,58.280229568481445,96.11783100001503,0
2152,0.7388591766357422,1.1219360000040979,7.002830505371094,7.2857320000139225,153.1987190246582,270.8051560000513,60.343027114868164,101.23758099996394,0
2153,0.6973743438720703,1.040230000057818,3.003835678100586,3.6705100000062885,145.7040309906006,261.6793949999874,58.873891830444336,94.0818679999893,0
2154,1.9164085388183594,2.7063530000077662,7.287263870239258,7.222378999927059,150.42519569396973,138.86201400009668,58.45952033996582,225.88848499992764,0
2155,1.9495487213134766,2.7842770000461314,3.457307815551758,3.9299669999763864,139.73236083984375,249.73352900008194,58.88628959655762,95.1577329999509,0
2156,0.7283687591552734,0.6747259999428934,7.718086242675781,7.735453999998754,138.4413242340088,247.27463900001112,61.232566833496094,98.01294099997904,0
2157,0.9617805480957031,1.5749289999575922,4.331350326538086,4.846311000051173,141.91269874572754,260.2400729999772,59.51952934265137,90.09534699998767,0
2158,1.9092559814453125,2.7981019999288037,8.38780403137207,8.225949999996374,138.8099193572998,128.14042900004097,59.833526611328125,215.6934629999796,0
2159,0.858306884765625,1.3363650000428606,3.7126541137695312,4.237956999986636,160.09283065795898,243.75359300006494,68.40753555297852,142.6630659999546,0
2160,2.565622329711914,3.6758420000069236,8.606433868408203,8.505270000000564,144.8192596435547,256.30792599997676,59.197187423706055,100.39929699996719,0
2161,0.5991458892822266,0.8634030000393977,2.891063690185547,3.4938480000619165,138.0484104156494,244.13828699994156,59.00096893310547,97.57925099995646,0
2162,2.01416015625,2.8892389999555235,8.607149124145508,8.635728000058407,217.00167655944824,387.6406159999988,74.46455955505371,122.90929499999947,0
2163,2.003908157348633,3.16431199996714,7.932186126708984,9.197870999969382,152.80556678771973,273.91141100008554,58.882713317871094,93.21728899999471,0
2164,0.7801055908203125,1.2687140000480213,5.592107772827148,5.97466399995028,140.625,247.31766900004004,59.56315994262695,101.1664259999634,0
2165,0.7083415985107422,1.110284999981559,3.964662551879883,4.484935000050427,138.200044631958,245.76369900000827,65.6900405883789,106.90515599992523,0
2166,1.9674301147460938,2.8235910000375952,7.102251052856445,7.136145000004035,139.21880722045898,249.21707400005744,58.609962463378906,95.69312400003582,0
2167,1.6818046569824219,2.4871829999710826,5.373716354370117,6.572504000018853,137.99190521240234,247.6444139999785,59.47399139404297,96.50103499996021,0
2168,1.8169879913330078,2.6770009999381728,6.877660751342773,7.168408999973508,142.7018642425537,259.48951499992745,61.548709869384766,91.78864299997258,0
2169,0.8900165557861328,1.3758640000105515,4.012346267700195,4.586203000030764,135.67709922790527,240.61202899997625,66.47038459777832,107.82513200001631,0
2170,0.7643699645996094,1.0923699999239034,9.162425994873047,9.274444000084259,164.5071506500244,299.53093500000705,87.4931812286377,136.6638749999538,0
2171,0.8025169372558594,1.129392000052576,2.9680728912353516,3.5661880000361634,111.2983226776123,180.95191199995497,16.223430633544922,14.979192999931001,0
2172,0.5319118499755859,38.05317700005162,2.8429031372070312,2.6255469999796333,58.02583694458008,108.89700800009905,16.374588012695312,26.092973999993774,0
2173,0.3275871276855469,0.3031919999330057,1.8215179443359375,8.722758999965663,55.76467514038086,95.5797410000514,16.028881072998047,35.38945400009652,0
2174,0.28324127197265625,0.26242700005241204,2.832651138305664,2.61641999998119,67.49558448791504,123.2412030000205,17.41504669189453,36.58294299998488,0
2175,0.278472900390625,0.257782999938172,1.7747879028320312,3.8807050000286836,55.08542060852051,100.15115499993499,15.761613845825195,24.893778999967253,0
2176,0.28014183044433594,0.2593920000890648,2.8123855590820312,2.5980550000213043,64.72635269165039,127.95269600007941,68.35246086120605,99.18106499992518,0
2177,0.9021759033203125,1.4261579999583773,3.3686161041259766,3.9972890000399275,141.66927337646484,254.98430899995128,63.927650451660156,98.65081400005238,0
2178,1.947641372680664,2.8345890000309737,9.111404418945312,11.48735099991427,138.6117935180664,248.72581399995397,57.883501052856445,91.27399600004082,0
2179,0.728607177734375,1.143221999996058,3.208160400390625,3.8191969999843423,135.79177856445312,241.95769599998584,58.87150764465332,98.15988499997275,0
2180,1.0004043579101562,1.6156589999809512,5.91278076171875,6.2784390000842905,140.77091217041016,248.88139500001216,64.72015380859375,106.57499199999165,0
2181,1.844644546508789,2.6546839999355143,6.849765777587891,9.823169000014786,150.30813217163086,236.76715400006287,62.734365463256836,130.64656000005925,0
2182,2.048015594482422,2.837451000004876,6.946086883544922,7.173147000003155,150.3124237060547,273.41115699994134,65.92345237731934,95.86198800002421,0
2183,1.032114028930664,1.4958660000274904,4.0111541748046875,4.671680999990713,140.74087142944336,250.31845099999828,60.407161712646484,100.22643399997833,0
2184,0.9179115295410156,1.5125840000109747,5.89299201965332,6.275478000020485,135.0102424621582,241.5441869999313,86.8222713470459,130.1454649999414,0
2185,1.5864372253417969,2.2971199999801684,4.923582077026367,6.033739000031346,168.90549659729004,297.35410900002535,61.48672103881836,103.13050899992504,0
2186,0.6859302520751953,1.0249910000084128,6.725311279296875,7.025869000017337,160.77852249145508,290.3632649999963,60.00971794128418,91.22343499996077,0
2187,1.1210441589355469,1.6474990000006073,5.660772323608398,6.603178999966985,148.12898635864258,267.8938759999028,60.17804145812988,94.17101600001843,0
2188,2.737283706665039,4.864242000053309,6.222009658813477,6.512803999953576,142.65751838684082,254.20982100001766,57.17802047729492,95.88737499996114,0
2189,1.9443035125732422,2.735328999960984,4.776954650878906,5.923023000036665,139.41168785095215,250.75319600000512,57.46340751647949,94.0738470000042,0
2190,1.9445419311523438,2.7411219999748937,8.014202117919922,10.088200999916808,140.07878303527832,185.2683289999959,62.917470932006836,163.86307400000533,0
2191,1.9407272338867188,2.7505220000421104,4.446506500244141,4.593736000060744,179.19921875,322.4727110000458,70.02544403076172,106.66819699997632,0
2192,1.1570453643798828,1.4531640000541302,8.291959762573242,8.545675000050323,141.1123275756836,254.84207800002423,60.52803993225098,93.76018800003294,0
2193,0.7762908935546875,0.7190100000116217,6.390571594238281,6.392401999960384,163.76876831054688,292.28547800005344,58.76898765563965,96.49263400001473,0
2194,1.7244815826416016,2.542500000004111,6.720304489135742,6.595927000034862,140.58399200439453,247.79091200002767,58.56513977050781,99.42395699999906,0
2195,0.9219646453857422,1.515844999971705,3.000974655151367,3.6138520000577046,140.86604118347168,248.88585299993338,58.38656425476074,99.02043599993249,0
2196,1.0433197021484375,1.5374380000139354,7.185697555541992,7.712780000019848,145.40410041809082,260.2974890000951,73.65155220031738,110.43018599991683,0
2197,1.1203289031982422,1.7461249999541906,3.989696502685547,4.739447000019936,185.52231788635254,185.71323100002246,60.830116271972656,246.23652399998264,0
2198,2.0875930786132812,3.097826000043824,11.592388153076172,11.365740999963236,147.08876609802246,267.7064299999756,58.84122848510742,92.15667199998734,0
2199,2.122163772583008,2.969158999917454,6.576299667358398,6.528172000002996,142.04096794128418,205.75867899992772,60.58979034423828,140.0496320000002,0
2200,1.035928726196289,1.5782189999526963,6.752729415893555,7.541766000031203,137.31908798217773,125.3899650000676,94.44665908813477,264.50689600005717,0
2201,2.063274383544922,2.556031000040093,5.218505859375,6.000797999945462,143.35322380065918,254.88798599997153,76.56550407409668,124.31053399996017,0
2202,0.7753372192382812,1.1610909999717478,6.607770919799805,6.923416000063298,274.4336128234863,496.0832990000199,111.04297637939453,204.6961819999069,0
2203,0.43129920959472656,6.131414000037694,1.7974376678466797,2.3991399999658825,143.46766471862793,258.1469389999711,66.68305397033691,100.3296760000012,0
2204,1.9123554229736328,2.6884210000162057,9.842395782470703,11.308632000009311,170.2430248260498,309.2486979999194,74.94902610778809,111.76368999997521,0
2205,0.9617805480957031,1.3949619999493734,3.519773483276367,4.179778000093393,164.92772102355957,301.62297000003946,59.33570861816406,92.02645499999562,0
2206,1.0428428649902344,1.3957070000287786,5.770206451416016,6.146290000060617,159.30914878845215,247.57787099997586,96.32658958435059,200.432759000023,0
2207,0.7500648498535156,1.1106340000424098,3.337860107421875,3.9101289999052824,150.1171588897705,188.44990699994923,61.41924858093262,177.91106099991794,0
2208,0.8015632629394531,1.144674999977724,6.204128265380859,6.548039999984212,148.03385734558105,183.18321299989293,68.50862503051758,187.79385599998477,0
2209,5.167484283447266,6.027426000059677,3.1833648681640625,4.139634000011938,151.28493309020996,269.5530680000502,58.770179748535156,99.50945699995373,0
2210,1.110076904296875,1.6790309999805686,6.032228469848633,6.546533000005184,166.24951362609863,300.6337719999692,55.68289756774902,89.5876810000118,0
2211,0.45299530029296875,0.4200360000368164,1.943826675415039,2.8172820000236243,284.0430736541748,277.0891410000331,69.06747817993164,342.5905200000443,0
2212,3.0274391174316406,4.060870999978761,9.153604507446289,9.07183599997552,253.91054153442383,454.20219799996175,59.538841247558594,101.8749879999632,0
2213,1.4247894287109375,1.812414000028184,6.459236145019531,9.756819000017458,184.83781814575195,336.919555999998,62.82520294189453,96.36933500007672,0
2214,3.7860870361328125,6.285540000021683,9.203910827636719,8.217863000027137,142.07720756530762,257.27246199994624,70.77646255493164,103.2511449999447,0
2215,4.272222518920898,7.595331000061378,5.907773971557617,6.934113000056641,139.97817039489746,248.6085660000299,68.07732582092285,109.74836699995194,0
2216,1.7256736755371094,2.7536799999552386,9.752750396728516,10.806229000081657,104.89630699157715,191.5510630000199,19.61207389831543,28.233860000000277,0
2217,0.4699230194091797,9.173144999977012,1.886606216430664,3.4571999999570835,61.94567680358887,108.5552300000927,19.5920467376709,28.55793799994899,0
2218,0.31495094299316406,0.29119900000296184,3.0193328857421875,2.790319999917301,112.73813247680664,104.07489800002168,59.3259334564209,208.88519100003577,0
2219,1.7392635345458984,2.5417430000516106,4.574298858642578,5.3985800000191375,145.95532417297363,264.639394000028,58.461666107177734,93.07744800003093,0
2220,1.9881725311279297,2.7827950000300916,18.477439880371094,15.489493000018228,137.81428337097168,249.65917999998055,60.462236404418945,94.58062600003814,0
2221,2.1240711212158203,1.7291359999944689,4.663705825805664,5.082361999939167,143.57304573059082,254.8589320000474,60.777902603149414,100.27598199997101,0
2222,0.9455680847167969,1.3961540000764217,7.292032241821289,7.606339999938427,150.6667137145996,272.1961149999288,84.1064453125,133.39254100003473,0
2223,2.1293163299560547,2.9741239999339086,5.214691162109375,7.936346000064987,157.03773498535156,282.78717300008793,60.88423728942871,93.78690500000175,0
2224,2.6175975799560547,3.8413899999341083,10.7269287109375,11.156628999970053,149.32775497436523,264.1405299999633,60.0583553314209,99.71708499995202,0
2225,1.188516616821289,1.7910809999648336,5.673885345458984,6.725057000039669,157.7293872833252,270.0800270000627,56.806325912475586,104.83275199999298,0
2226,3.338336944580078,5.915914999945926,8.002996444702148,8.616749999987405,136.49725914001465,169.17933000001995,60.00375747680664,168.9301720000458,0
2227,0.7598400115966797,1.1534640000263607,3.3271312713623047,3.9245549999122886,144.18578147888184,263.36450899998454,62.3166561126709,92.80323899997711,0
2228,1.9986629486083984,2.7938829999811787,10.816335678100586,10.565778000000137,146.85320854187012,137.14677500001926,111.30046844482422,270.2934719999348,0
2229,3.009319305419922,3.7966090000054464,9.466171264648438,10.932764000017414,173.9349365234375,170.19955099999606,70.84846496582031,244.56178200000522,0
2230,1.0347366333007812,1.6188419999707548,12.04538345336914,12.271714000007705,167.33050346374512,154.46595599996726,67.6872730255127,251.0318689999167,0
2231,1.1093616485595703,1.0252639999634994,6.244182586669922,6.80594999994355,145.6007957458496,260.6207799999538,64.16726112365723,102.39393999995627,0
2232,0.7081031799316406,0.6565010000940674,7.586956024169922,7.45569700006854,201.11560821533203,329.0560469999946,80.07574081420898,173.5880429999952,0
2233,1.0144710540771484,1.548746000025858,3.3431053161621094,3.961447000051521,162.92309761047363,227.12355200008005,61.762332916259766,163.53505400002177,0
2234,0.9236335754394531,1.271990999953232,7.2116851806640625,7.520677000002252,146.0590362548828,184.50812100002167,64.35918807983398,177.43123800005378,0
2235,0.949859619140625,1.3391859999956068,3.3416748046875,3.9375329999984388,143.53108406066895,255.52435999998124,70.03593444824219,115.26658000002499,0
2236,1.2485980987548828,1.7573579999634603,8.31913948059082,10.143932000005407,160.25757789611816,189.62471400004688,65.44184684753418,195.6099249999852,0
2237,0.9033679962158203,1.3029790000018693,3.5288333892822266,4.164446999993743,161.29279136657715,292.3233630000368,89.52879905700684,130.5868989999226,0
2238,1.7633438110351562,2.4623870000368697,7.410526275634766,7.811924000066028,163.8507843017578,294.48991499998556,65.96016883850098,105.82388099999207,0
2239,0.7188320159912109,1.0876239999788595,3.082752227783203,3.6897469999530585,149.0788459777832,263.48795000001246,62.39509582519531,102.3872250000295,0
2240,1.2156963348388672,1.983159000019441,7.052421569824219,7.372164999992492,155.0576686859131,255.43018600001233,60.14704704284668,118.34004299998924,0
2241,0.6513595581054688,0.9563049999314899,3.6847591400146484,4.253838999943582,143.7397003173828,261.36758999996346,65.97518920898438,100.11451300010776,0
2242,0.9281635284423828,1.4542620000383977,6.188392639160156,6.532802999913656,139.34969902038574,247.52995999995164,66.99132919311523,107.82422700003735,0
2243,0.8337497711181641,1.2088570000514665,3.4139156341552734,3.9948810000396406,151.0303020477295,269.2111520000253,68.66097450256348,105.4996120000169,0
2244,0.7708072662353516,1.126092000049539,6.789207458496094,7.040611000093122,142.2412395477295,251.59202200006803,61.232805252075195,101.28894000001765,0
2245,1.2600421905517578,1.6285230000221418,3.1936168670654297,3.8536339999382108,148.26655387878418,262.72661699999844,69.11849975585938,115.82254200004627,0
2246,0.9312629699707031,1.3365730000032272,6.999731063842773,7.592145999979039,159.73973274230957,282.5906350000196,44.509172439575195,89.10005899997486,0
2247,1.0609626770019531,1.2077409999164956,3.1061172485351562,4.107380999926136,161.96894645690918,291.1114070000167,74.06282424926758,109.2199580000397,0
2248,1.470327377319336,1.60323900001913,8.350849151611328,8.333230999937769,272.77374267578125,340.9076460000051,77.4221420288086,143.86042299997825,0
2249,1.3599395751953125,2.026901000022008,5.319118499755859,6.051441999943563,146.9428539276123,265.71277599998666,59.44347381591797,94.59333899997091,0
2250,1.1179447174072266,1.7940129999942656,13.036727905273438,12.591242000098646,148.17023277282715,262.77540499995666,69.74101066589355,109.14731100001518,0
2251,1.2423992156982422,1.8184309999469406,6.029367446899414,7.325495999907616,143.56207847595215,260.07361900008164,76.16400718688965,110.27020400001675,0
2252,1.153707504272461,1.7038320000892782,9.274721145629883,9.884145999990324,202.81624794006348,258.2184850000431,66.03646278381348,209.3022200000405,0
2253,2.526998519897461,3.7300809999578632,7.493019104003906,8.560530000067956,155.73859214782715,143.76564700000927,58.38513374328613,230.61803200005215,0
2254,1.7998218536376953,2.6623510000263195,7.154941558837891,7.899438999970698,154.76584434509277,274.40543099999104,64.53776359558105,107.35037900008138,0
2255,0.9992122650146484,1.611479000075633,5.047082901000977,5.614856999955009,143.9375877380371,254.99547900005837,61.87009811401367,103.01021300006141,0
2256,1.0097026824951172,1.5293120000023919,8.205890655517578,8.51305499998034,165.36355018615723,200.22520500003793,64.26310539245605,200.72131000006266,0
2257,0.9777545928955078,1.5178319999904488,4.788875579833984,5.881784000052903,150.2816677093506,270.4450780000798,71.70271873474121,109.86405500000274,0
2258,1.1975765228271484,1.8066160000671516,11.579275131225586,12.622948999933215,158.949613571167,281.93324599999414,67.63935089111328,107.99942300002385,0
2259,1.683950424194336,2.509340999949927,5.64122200012207,7.256855999912659,176.30696296691895,319.27602899997964,75.3333568572998,113.19985699992685,0
2260,1.0349750518798828,1.4968399999588655,9.541511535644531,10.6225889999223,153.9139747619629,276.7142640000202,91.66622161865234,137.43308400000842,0
2261,1.504659652709961,2.0748590000039258,3.9017200469970703,5.912458000011611,159.49440002441406,282.2242619999997,66.19811058044434,108.68207800001528,0
2262,2.092599868774414,2.980626999942615,9.621858596801758,10.062123000011525,137.50624656677246,241.60713599997052,59.85403060913086,100.66199000004872,0
2263,0.751495361328125,1.1819650000006732,4.195690155029297,4.744518000052267,141.05677604675293,247.62765500008754,61.71607971191406,103.56106900007944,0
2264,0.7166862487792969,0.6642859999601569,9.210348129272461,10.365740999986883,136.4147663116455,246.6016530000843,62.2560977935791,95.81048400002601,0
2265,1.3155937194824219,1.7018469999356967,6.699323654174805,7.427261999964685,161.0262393951416,288.18986599992513,59.06176567077637,98.88715900001444,0
2266,2.0978450775146484,3.083644999946955,6.675958633422852,7.213968999963072,142.4560546875,258.89679900001283,57.149648666381836,89.73603000004005,0
2267,3.8144588470458984,4.5364309999058605,3.674745559692383,4.538698000033037,135.5283260345459,239.6723839999595,61.26236915588379,100.67687299999761,0
2268,1.9655227661132812,2.794817999983934,8.696794509887695,8.596395000040502,145.2012062072754,255.73386799999298,61.838626861572266,102.9054420000648,0
2269,2.609729766845703,4.0511109999670225,8.214950561523438,9.660088000032374,143.73302459716797,252.6573280000548,58.290958404541016,98.60256499996467,0
2270,1.7437934875488281,2.559560000008787,8.133888244628906,8.003207999990991,144.87171173095703,204.64964100006,59.716224670410156,148.97917899997992,0
2271,1.3899803161621094,2.2380610000709567,4.641532897949219,5.53725499992197,227.33759880065918,411.05430799996157,94.22898292541504,146.33721200004857,0
2272,4.59599494934082,5.6249000000434535,9.78398323059082,10.594728999990366,162.92810440063477,294.83951600002456,58.31003189086914,92.64738899992153,0
2273,2.053499221801758,3.010408000022835,7.068872451782227,7.205005999935565,146.27647399902344,263.7855729999501,65.85192680358887,97.75610099995902,0
2274,2.5064945220947266,3.5329350000665727,9.135007858276367,9.2338210000662,137.04347610473633,249.82243699992068,59.40532684326172,90.83185299994057,0
2275,1.1744499206542969,1.8498529999533275,4.74095344543457,5.209929999978158,157.42850303649902,278.48872200002006,59.6461296081543,100.83754000004319,0
2276,0.6494522094726562,0.9703750000653599,8.609294891357422,8.7620210000523,196.319580078125,291.27249600003324,128.01098823547363,252.23934300004203,0
2277,1.3053417205810547,1.9498030000022482,8.498907089233398,8.75444099995093,167.62232780456543,300.28969099998903,59.62634086608887,94.35901099993771,0
2278,1.9879341125488281,2.9502309999998033,6.125926971435547,6.634683000015684,170.50743103027344,275.29759499998363,85.07776260375977,149.22506000004887,0
2279,0.7975101470947266,1.0582759999806512,3.022909164428711,3.6196610000160945,153.07092666625977,280.1300930000252,59.95678901672363,94.16107599997758,0
2280,0.8323192596435547,1.1692709999806539,5.9757232666015625,6.331225000053564,149.48582649230957,267.0384570000124,60.52350997924805,93.71886099995663,0
2281,0.7848739624023438,1.1497419999386693,3.6427974700927734,4.192267999997057,150.3894329071045,272.37068899989936,36.83757781982422,63.60256199991454,0
2282,0.4792213439941406,7.3609890000625455,5.190372467041016,8.786495999970612,92.65732765197754,167.63495800000783,18.062829971313477,37.17866499994216,0
2283,0.2796649932861328,0.25885499997002626,2.1479129791259766,4.711022000037701,60.144662857055664,103.72380999990582,17.00425148010254,36.21362399996997,0
2284,0.3230571746826172,0.2987780000012208,2.8383731842041016,2.62142299993684,58.736562728881836,105.84956900004272,18.784523010253906,37.84363699992355,0
2285,0.31757354736328125,0.2947950000589117,2.0737648010253906,8.22126399998524,61.61165237426758,112.43041399995946,17.255306243896484,25.986573999944085,0
2286,0.2980232238769531,0.2760989999615049,3.1981468200683594,13.25442600000315,116.79697036743164,209.9670759999981,66.59054756164551,102.85017000001062,0
2287,1.8312931060791016,2.530437000018537,4.873514175415039,6.111410000016804,157.3631763458252,278.65359899999476,62.734365463256836,103.03297900009056,0
2288,2.3505687713623047,3.186916000004203,8.498668670654297,10.540761000015664,140.90967178344727,250.37263100000473,57.31463432312012,95.73352199993224,0
2289,0.84686279296875,1.3645070000620763,3.184080123901367,3.7670149999939895,139.95838165283203,252.52086400007556,69.00191307067871,104.65514600002734,0
2290,2.1724700927734375,3.021845000034773,6.850719451904297,6.800381999937599,139.72187042236328,217.73450599994248,56.9148063659668,124.27871900001719,0
2291,2.2530555725097656,3.1526469999789697,4.159212112426758,4.436091999991731,148.14376831054688,268.83030600004076,59.54766273498535,93.0160689999866,0
2292,1.554727554321289,2.659032999986266,6.7272186279296875,7.017574999963472,143.6455249786377,256.20058799995604,61.56301498413086,100.51832500005276,0
2293,0.9119510650634766,1.3984700000264638,4.4956207275390625,5.19830300004287,139.75143432617188,245.73413500002061,57.31940269470215,98.15413100000114,0
2294,1.0938644409179688,1.4474020000534438,6.671905517578125,6.977752000011606,154.86764907836914,280.74354199998197,58.87770652770996,92.47801399999389,0
2295,1.940011978149414,2.7706470000339323,3.829479217529297,4.054279999991195,138.5962963104248,251.1791900000162,58.229923248291016,90.48686299991004,0
2296,1.916646957397461,2.747097999986181,8.324384689331055,8.113821999927495,144.4385051727295,253.95569399995566,57.952165603637695,98.66196200005106,0
2297,1.085042953491211,1.7981200001031539,3.4105777740478516,3.9706009999918024,141.42155647277832,250.76950999994096,64.09549713134766,105.03785100002005,0
2298,2.200603485107422,3.0398829999285226,8.435487747192383,9.175509999977294,143.25761795043945,252.30117000000973,57.42502212524414,99.14965099994788,0
2299,0.7512569427490234,1.1667830000305912,7.859706878662109,8.083389000034913,137.36534118652344,241.4204230000223,59.960365295410156,101.3917150000907,0
2300,0.7154941558837891,1.1299369999733244,6.646633148193359,6.95465699993747,144.1361904144287,173.50533399996948,62.28756904602051,181.19912899999235,0
2301,1.1620521545410156,1.3179589999481323,4.628181457519531,5.579083000043283,145.06030082702637,259.08167299996876,60.18376350402832,98.22042300004341,0
2302,0.7174015045166016,1.0848129999203593,7.985830307006836,8.45693000007941,169.3575382232666,303.5178290000431,67.07763671875,121.46248099998047,0
2303,2.103090286254883,2.8974529999459264,5.591154098510742,6.268032999969364,137.70413398742676,248.71484099992358,63.43698501586914,100.0948350000499,0
2304,0.8766651153564453,1.4212419999921622,5.983829498291016,6.373134000000391,148.7259864807129,262.7051400000937,58.91728401184082,96.67990900004497,0
2305,0.8425712585449219,1.280529000041497,4.690885543823242,5.162005999977737,148.70738983154297,266.3790820000713,63.706159591674805,100.64162699995904,0
2306,1.7991065979003906,1.6644579999365305,12.29405403137207,12.347274000035213,249.51553344726562,451.9226559999652,60.281991958618164,99.95356599995375,0
2307,0.5311965942382812,0.6576959999620158,5.762577056884766,6.382623000035892,176.88894271850586,312.618986000075,88.42110633850098,134.0620170000193,0
2308,1.6546249389648438,2.7166060000354264,10.309696197509766,10.608850999915376,166.29910469055176,295.42638400005217,64.83817100524902,102.45200500003193,0
2309,1.2269020080566406,1.8731669999851874,5.832195281982422,6.7582170000832775,151.29613876342773,271.0259439999163,63.990116119384766,103.57273900001474,0
2310,0.7255077362060547,1.1042390000284286,7.655143737792969,7.889140999964184,155.06744384765625,275.75827299995126,115.86809158325195,182.3644510000122,0
2311,1.3191699981689453,1.9872679999934917,6.533145904541016,8.074957999951948,168.4286594390869,300.2794469999799,58.56204032897949,96.28999799997473,0
2312,0.7226467132568359,1.0812220000389061,6.076574325561523,6.423976999940351,143.6898708343506,252.443779000032,63.405752182006836,103.87564000006932,0
2313,1.2297630310058594,1.6566020000254866,3.86810302734375,4.894633000048998,152.02856063842773,271.7562719999478,64.28122520446777,101.6732549999233,0
2314,1.9683837890625,2.8076070000224718,7.1544647216796875,7.104869999920993,140.36297798156738,254.1933259999496,58.37392807006836,92.48314100000243,0
2315,1.2581348419189453,1.4574790000096982,4.203319549560547,5.034199000078843,158.53476524353027,281.6000170000734,67.93904304504395,107.53063100003146,0
2316,1.2183189392089844,1.129391999938889,13.816356658935547,12.813081999979659,148.4065055847168,269.7368159999769,57.518720626831055,90.06497100006072,0
2317,0.8649826049804688,1.3624619999745846,4.063129425048828,4.696656000078292,138.47017288208008,244.66610400008904,74.23090934753418,113.72839800003476,0
2318,0.7700920104980469,1.1311460000342777,6.207466125488281,6.548480999981621,137.69173622131348,250.8242319998999,63.43364715576172,96.50770899997951,0
2319,0.7617473602294922,1.1879580000595524,4.03141975402832,4.570715999989261,134.64736938476562,236.4260379999905,61.09762191772461,101.9906980000087,0
2320,0.7345676422119141,1.0956739999983256,5.691766738891602,6.065671999976985,146.22163772583008,259.6909910000704,58.699607849121094,98.51750199993603,0
2321,0.7653236389160156,1.1673660000042219,4.06336784362793,4.605267999977514,145.9512710571289,265.0714710000557,61.0198974609375,96.36083600003076,0
2322,1.966238021850586,2.822121999997762,7.480382919311523,8.619792999979836,140.11192321777344,248.87472399996113,59.05652046203613,99.2792740000823,0
2323,0.8382797241210938,1.3616930000353022,3.0694007873535156,3.6442709999846556,135.1001262664795,245.2734920000239,59.64469909667969,92.47203200004606,0
2324,0.6508827209472656,1.0319120000303883,5.93113899230957,6.310431000088101,136.57426834106445,248.53407900002367,59.30495262145996,91.88871400010612,0
2325,2.691984176635742,3.5856220000596295,4.357337951660156,4.757580000045891,137.42589950561523,251.3058680000313,61.87272071838379,94.84077000001889,0
2326,3.2494068145751953,2.747612999996818,7.372140884399414,7.7848380000205,137.11071014404297,246.01731500001733,63.85040283203125,100.1945570000089,0
2327,0.7927417755126953,1.2164219999704073,3.218412399291992,3.808674000083556,141.0233974456787,249.1784500000449,56.92434310913086,96.61301699998148,0
2328,3.017425537109375,2.4535049999485636,6.423473358154297,6.419913000058841,148.1781005859375,264.5051040000226,94.31695938110352,141.05219699990812,0
2329,1.924276351928711,2.715498000043226,7.549285888671875,10.052354999970703,146.38137817382812,255.6461770000169,59.79657173156738,98.00850199997058,0
2330,2.324342727661133,3.42104800006382,8.138656616210938,8.412120000002687,141.39485359191895,254.68856399993456,59.805870056152344,94.21718600003715,0
2331,0.7510185241699219,1.1049680000496664,2.7806758880615234,3.392665999967903,137.35127449035645,250.7996079999657,62.140703201293945,95.59431899992887,0
2332,0.9217262268066406,1.4145469999675697,8.699893951416016,9.019239999929596,147.60947227478027,264.7449820000247,58.444976806640625,93.7702349999654,0
2333,1.6007423400878906,2.4140019999094875,4.134654998779297,5.652275999977974,135.77604293823242,249.48773699998128,59.461355209350586,90.03863800001,0
2334,1.9500255584716797,2.7510469999469933,8.100032806396484,9.388906000026509,148.7419605255127,270.057966999957,60.777902603149414,93.45853900003931,0
2335,0.751495361328125,1.1369100000138133,3.1375885009765625,3.723087000025771,138.75865936279297,253.43224400000963,66.7729377746582,98.0318099999522,0
2336,1.1453628540039062,1.8745249999483349,6.949663162231445,7.49042699999336,145.71809768676758,261.4726450000262,61.48958206176758,97.4861880000617,0
2337,2.766132354736328,3.48847099996874,4.332304000854492,4.747788999907243,139.6501064300537,151.56624099995497,58.14838409423828,190.68609099997502,0
2338,0.8552074432373047,0.7920619999595147,7.18379020690918,7.238716000074419,138.98777961730957,245.18828700001905,107.96046257019043,192.24628299991764,0
2339,1.7189979553222656,2.524427000025753,6.438255310058594,6.501892999949632,142.3046588897705,251.03179899997485,57.44123458862305,96.00605399998585,0
2340,0.7817745208740234,1.1811880000323072,6.254911422729492,6.586421000065457,140.44427871704102,249.03747099995144,60.4550838470459,98.9656259999947,0
2341,0.7228851318359375,0.6699550000348609,3.8559436798095703,4.471752999961609,142.9581642150879,262.1363470000233,60.35113334655762,90.71761999996397,0
2342,0.8630752563476562,1.2974969999959285,6.593942642211914,7.047953999972378,166.17417335510254,298.328932000004,57.433366775512695,94.83056400006262,0
2343,1.7852783203125,2.5834740000618694,4.620790481567383,5.635096999981215,150.16674995422363,266.44071700002314,69.17214393615723,109.5535969999446,0
2344,0.7219314575195312,0.6687809999448291,9.027719497680664,8.81570699993972,148.6225128173828,255.40946800003894,57.495832443237305,104.11017899991748,0
2345,1.6651153564453125,2.473736999945686,3.9627552032470703,4.097838999996384,144.96970176696777,242.83189400000538,60.51778793334961,111.20312999992166,0
2346,0.827789306640625,1.27326099993752,6.211996078491211,6.689768000001095,138.9927864074707,231.4022489999843,59.81612205505371,111.90222799996263,0
2347,1.0535717010498047,1.6164009999783957,7.992267608642578,8.595005999950445,143.81814002990723,242.83806599999025,57.74331092834473,107.16392300003008,0
2348,1.5468597412109375,2.4052269999401688,6.263256072998047,6.573849999995218,144.87767219543457,251.94093400000384,57.73043632507324,101.7179649999207,0
2349,1.9516944885253906,2.7950480000527023,3.7949085235595703,3.6751349999804006,137.6821994781494,240.73951499997293,60.030460357666016,99.83345000000554,0
2350,0.6971359252929688,1.0303010000143331,5.549192428588867,5.939806000014869,135.25080680847168,241.72097999996822,63.34733963012695,99.80784099991524,0
2351,2.600431442260742,3.6708630000248377,7.48896598815918,8.636806000026809,156.36968612670898,276.9259570000031,64.99671936035156,104.35249700003624,0
2352,1.4939308166503906,2.4372000000312255,12.670755386352539,13.127425999982734,147.98665046691895,260.0195709999298,56.40101432800293,96.47705899999437,0
2353,1.6751289367675781,2.8584979999095594,3.991365432739258,4.619208000008257,148.57220649719238,267.5725770000099,56.72907829284668,91.47064800004046,0
2354,1.9640922546386719,2.748584999949344,7.640361785888672,10.581435999938549,135.38241386413574,130.41836200000034,58.56966972351074,206.62501699996483,0
2355,1.726388931274414,2.528521000044748,5.827903747558594,6.615687000021353,147.4895477294922,260.0962960000288,58.74466896057129,99.64223800000127,0
2356,1.867055892944336,2.6635080000687594,8.676767349243164,8.55557400007001,144.8662281036377,254.41429299996798,61.85150146484375,102.02553900001021,0
2357,0.7171630859375,1.0788900000306967,3.2248497009277344,3.8258829999904265,142.92383193969727,259.7434309999471,60.89210510253906,96.33776099997249,0
2358,2.1135807037353516,2.920863999975154,10.538339614868164,11.178359000041382,140.4407024383545,256.3289839999925,58.26282501220703,89.1194619999851,0
2359,1.7859935760498047,2.6538650000702546,4.523754119873047,4.714324000019587,135.56981086730957,242.0518850000235,62.38675117492676,99.91122899998572,0
2360,1.8963813781738281,2.6810729999624527,6.4945220947265625,6.486709000000701,143.31674575805664,257.52150999994683,62.72292137145996,98.86909100009689,0
2361,0.7987022399902344,1.226051000003281,4.060506820678711,4.698723000046812,144.48094367980957,263.1048619999774,64.02039527893066,97.97522600001685,0
2362,1.6398429870605469,2.725761000078819,6.828784942626953,7.431567000026007,140.27953147888184,247.6351400000567,93.03426742553711,161.85135999990052,0
2363,0.7059574127197266,1.0295609999957378,3.168344497680664,3.751144000034401,281.0020446777344,514.1129639999917,60.680389404296875,93.87931100002334,0
2364,2.0265579223632812,2.8761019999592463,7.32111930847168,7.558605999975043,228.83224487304688,413.28338599998915,59.67283248901367,94.06295600001613,0
2365,0.7808208465576172,1.1490750000575645,5.616188049316406,6.012197000018205,162.14394569396973,289.0913420000061,60.1506233215332,98.83909600000607,0
2366,0.7135868072509766,1.053146000003835,6.16455078125,6.782125999961863,206.6786289215088,319.92535400002,70.87159156799316,62.289206000059494,0
2367,0.9267330169677734,1.4315310000938553,5.127906799316406,5.962049000004299,151.1526107788086,267.06507299991245,57.97624588012695,100.86014299997714,0
2368,0.7638931274414062,1.1261130000548292,7.03883171081543,7.5853490000099555,164.13307189941406,299.2488400000184,58.75372886657715,90.94922999997834,0
2369,0.7901191711425781,1.1837560000458325,3.5059452056884766,4.22726200008583,140.4275894165039,246.09557799999493,59.232234954833984,100.97185300003275,0
2370,2.449512481689453,3.1426120000332958,7.663726806640625,7.566850999978669,148.3147144317627,269.86772900011147,66.38884544372559,98.80822200000239,0
2371,0.7131099700927734,1.093301000082647,4.031658172607422,4.8550899999781905,146.3484764099121,265.8167260000255,60.72282791137695,96.42303400005403,0
2372,1.8990039825439453,2.7045609999731823,8.298873901367188,10.688331999972434,143.57590675354004,261.5499539999746,61.15221977233887,93.70183599992288,0
2373,1.7178058624267578,2.929151999978785,3.7641525268554688,4.041646000018773,138.72647285461426,250.11838399996122,62.53671646118164,95.84133999999267,0
2374,0.8182525634765625,1.2641900000289752,7.274866104125977,7.769043000052989,139.32347297668457,248.1548189999785,67.02256202697754,105.38809900003798,0
2375,2.0532608032226562,2.8946219999852474,3.8394927978515625,3.6268979999931616,141.648530960083,254.58673800005727,61.661720275878906,98.81220900001608,0
2376,1.3015270233154297,2.1104450000848374,8.204936981201172,8.564581000086946,137.65454292297363,169.32346600003712,63.76338005065918,176.72669699993548,0
2377,1.165628433227539,1.802921000034985,5.217790603637695,6.1806090000118274,140.4879093170166,253.14390500000172,57.1897029876709,93.62465300000622,0
2378,1.4619827270507812,2.3607110000511966,6.669044494628906,7.246642000040993,140.71941375732422,250.94096099996932,59.033870697021484,95.97779299997455,0
2379,1.7518997192382812,2.5585199999795805,5.398035049438477,6.511367000030077,141.66879653930664,248.82494500002394,61.72752380371094,101.53236200005722,0
2380,1.7490386962890625,2.3619230000804237,6.839990615844727,6.795387999886771,147.62639999389648,260.303639999961,60.28294563293457,101.41220800005613,0
2381,2.0055770874023438,2.855971000030877,4.475593566894531,7.793861999971341,139.31846618652344,254.54061799996452,59.84687805175781,92.64744100005373,0
2382,1.8434524536132812,2.634521000004497,6.583213806152344,6.51250800001435,136.0337734222412,248.51056199997856,60.80746650695801,93.68818300004023,0
2383,2.1059513092041016,3.3703230000128315,8.08262825012207,9.227192000025752,153.13124656677246,250.2578659999699,56.351661682128906,116.77676700003303,0
2384,0.8723735809326172,1.4152060000469646,5.578756332397461,5.963702999906673,159.76738929748535,284.6425249999811,92.1468734741211,137.19813399995928,0
2385,2.4373531341552734,3.596334000008028,7.340908050537109,11.664118999988204,162.13226318359375,285.84524999996574,58.40706825256348,96.74742000004244,0
2386,1.2912750244140625,2.171295999914946,6.2694549560546875,6.951618000016424,144.87862586975098,259.9278640000193,59.78035926818848,93.44277000002421,0
2387,1.979827880859375,2.82099699995797,3.7298202514648438,3.9897799999835115,147.98593521118164,260.6107560000055,62.777042388916016,98.11805099991489,0
2388,1.9772052764892578,2.7660310000783284,7.2879791259765625,7.239312000024256,144.4387435913086,260.89788599995245,58.776140213012695,91.01617099997839,0
2389,1.909494400024414,2.7006540000229506,6.460428237915039,8.727343000032306,140.22469520568848,138.77194899998813,62.204599380493164,210.5651010000429,0
2390,0.7257461547851562,1.104031000068062,6.423234939575195,6.7667849999679675,143.4636116027832,262.8046049999284,60.62936782836914,91.845477999982,0
2391,2.0055770874023438,3.6009009999133923,4.360675811767578,4.729554000050484,148.7112045288086,271.50718399991547,56.51545524597168,89.19378200005212,0
2392,3.418445587158203,5.849043000011989,6.425142288208008,6.745505000026242,135.76531410217285,239.1484649999711,65.09280204772949,104.89826000002722,0
2393,2.524852752685547,3.588618000094357,6.955385208129883,7.559491000051821,134.72485542297363,129.1117140000324,61.150312423706055,209.3378740000844,0
2394,0.7445812225341797,1.1291879999362209,5.929708480834961,6.2931520000120145,142.00758934020996,182.61550900001566,61.197519302368164,169.50365899992903,0
2395,2.423524856567383,3.440995000005387,5.733966827392578,5.974113999968722,138.82803916931152,200.73737900008837,58.94875526428223,142.36469699994814,0
2396,1.7209053039550781,2.521601000012197,7.685184478759766,8.324100999971051,146.0397243499756,258.5874830000421,58.27903747558594,100.60857799999212,0
2397,1.9421577453613281,2.751107999984015,4.185676574707031,4.3463840000868,135.48016548156738,242.7997229999619,65.8884048461914,102.85835900003804,0
2398,2.4254322052001953,3.648214999998345,11.539936065673828,13.78966999993736,139.15514945983887,246.43337999998494,57.98816680908203,98.54487799998424,0
2399,0.9622573852539062,1.4560229999460716,4.150152206420898,4.853664000052049,136.7323398590088,246.504433000041,59.36932563781738,94.42984400004661,0
2400,1.7573833465576172,2.605716999937613,7.281064987182617,7.307760000003327,155.81226348876953,284.020221999981,60.140371322631836,93.3556029999636,0
2401,1.4023780822753906,2.1061559999679957,4.932403564453125,5.747896000002584,140.34438133239746,252.4565610000309,58.42733383178711,94.39601799999764,0
2402,2.2690296173095703,3.704521000031491,6.385326385498047,6.751206999979331,138.6704444885254,248.16049399998974,84.81264114379883,120.57182099999864,0
2403,1.3203620910644531,2.053425999974934,4.670619964599609,6.0429049999584095,141.48545265197754,255.83343299990702,59.1275691986084,89.88862499995776,0
2404,0.9293556213378906,1.5501159999757874,5.566596984863281,5.975765000016509,134.84692573547363,240.38002800000413,58.279991149902344,96.06213500001104,0
2405,2.3474693298339844,3.175132999899688,4.523515701293945,5.329981999921074,134.5653533935547,138.85588499999812,57.88373947143555,195.1199389999374,0
2406,0.7445812225341797,1.1072719998992397,5.548238754272461,5.93198800004302,143.20087432861328,258.2061570000178,66.33710861206055,102.47480199996062,0
2407,1.905679702758789,2.714194999953179,6.086826324462891,5.994456999928843,138.09633255004883,251.3852220000672,57.88850784301758,90.24996200002988,0
2408,1.9762516021728516,2.7769360000320376,8.977413177490234,8.712510999998813,136.81936264038086,126.30329000000984,63.5223388671875,216.65432900010728,0
2409,1.1212825775146484,1.6953330000433198,5.077838897705078,6.491618999916682,154.43110466003418,220.09532200002013,57.3880672454834,148.37187600005564,0
2410,2.045154571533203,2.8476190000219503,7.767915725708008,9.109158999990541,145.44916152954102,258.69360799993046,68.12047958374023,105.25918500002263,0
2411,2.8421878814697266,4.0349839999862525,4.258871078491211,5.115979000038351,142.5459384918213,251.7165849999401,62.04938888549805,101.97747099994103,0
2412,2.063274383544922,2.93655600000875,6.800413131713867,6.798070000058942,141.01600646972656,190.64741099998628,59.211015701293945,154.97366900001452,0
2413,0.7410049438476562,1.1448879999989003,3.007650375366211,3.6691080000537113,135.55383682250977,238.01068900002065,57.65557289123535,97.79843000001165,0
2414,0.8661746978759766,1.3861539999879824,6.041526794433594,6.390102000068509,154.8922061920166,280.3362820000075,90.61431884765625,129.43351000001257,0
2415,1.12152099609375,1.0393510000312745,6.772041320800781,7.9046670000479935,162.32681274414062,292.62315599999056,58.82072448730469,92.33212100002675,0
2416,0.7376670837402344,1.1237239999672965,10.010480880737305,10.052818000076513,150.25067329406738,254.41757199996573,56.02526664733887,102.9043810000303,0
2417,1.9121170043945312,2.6928059999136167,3.8263797760009766,4.360292999990634,136.57331466674805,240.8005319999802,59.029340744018555,98.7302329999693,0
2418,0.7078647613525391,1.0880800000450108,5.56492805480957,5.97569100000328,136.3668441772461,243.35454300000947,61.307668685913086,98.937689999957,0
2419,0.7135868072509766,1.0597950000601486,4.6234130859375,5.098422999935792,137.1898651123047,245.51481100002093,58.928489685058594,95.89842299999418,0
2420,1.7061233520507812,2.5547190000452247,6.986141204833984,7.6871070000379405,137.27092742919922,244.7810630000049,59.758663177490234,97.80427700002292,0
2421,0.743865966796875,1.0938840000562777,4.62031364440918,5.090462999987722,147.51625061035156,264.17302799995923,66.63107872009277,99.42678300001262,0
2422,1.1293888092041016,1.707750999912605,11.584758758544922,12.005881000050067,135.65540313720703,125.2533830000857,59.17692184448242,212.0607320000545,0
2423,0.9133815765380859,1.3111800000160656,3.1392574310302734,3.7317860000030123,134.62519645690918,240.01394399999754,58.56895446777344,96.80427900002542,0
2424,0.7297992706298828,1.1177739999084224,6.691217422485352,7.304275000024063,137.03656196594238,202.5108509999427,57.03306198120117,134.81576599997425,0
2425,2.273082733154297,2.9783190000216564,3.6830902099609375,3.950734999989436,138.21744918823242,250.9985469999947,64.78571891784668,98.12930099997175,0
2426,1.199483871459961,1.7696810000416008,8.388519287109375,9.963551000055304,139.2076015472412,254.3541439999899,63.869476318359375,95.65941300002123,0
2427,1.3375282287597656,1.9425230000251759,5.294084548950195,7.682025000008252,133.57925415039062,123.31412100002126,61.228036880493164,211.73617800002376,0
2428,0.732421875,1.0637609999548658,6.0634613037109375,6.414354000071398,138.44633102416992,252.22512299990285,60.04619598388672,93.9826420000145,0
2429,4.00996208190918,3.8636959999394094,5.757570266723633,6.024024999987887,134.64999198913574,126.67694800006757,57.63578414916992,207.70069200000307,0
2430,3.243684768676758,2.707517000089865,7.730722427368164,8.420715999932327,135.43009757995605,247.47833799995078,74.95307922363281,102.94993900004101,0
2431,2.3801326751708984,3.863947000013468,6.745815277099609,8.339923999983512,162.8587245941162,290.11865799998304,60.83345413208008,98.24262600000111,0
2432,0.8442401885986328,1.0535899999695175,7.579803466796875,7.8169700000216835,139.0078067779541,252.95053600007122,61.713218688964844,93.75239700000293,0
2433,1.2183189392089844,1.704628999959823,5.198240280151367,7.278403999976035,140.80190658569336,252.6316069998984,61.1882209777832,97.8797839999288,0
2434,3.113269805908203,4.269227000008868,9.08350944519043,9.854915000005349,140.15674591064453,146.66192099991804,59.16237831115723,198.5178070000302,0
2435,0.9775161743164062,1.4753980000250522,3.595590591430664,4.414794000012989,149.43432807922363,272.9853160000175,59.919118881225586,92.56161400003293,0
2436,0.9696483612060547,1.000091999912911,10.07699966430664,10.199503999956505,153.18608283996582,267.21628699999656,58.72344970703125,101.21338899989496,0
2437,1.8749237060546875,2.6571130000547782,5.12385368347168,5.1726809999763645,143.27239990234375,259.91208400000687,57.305097579956055,92.37135600005786,0
2438,2.104043960571289,2.867885999989994,7.3528289794921875,7.265205000066999,134.76014137268066,184.02731499998026,59.61012840270996,153.50483200006693,0
2439,2.7642250061035156,3.9069129999234065,11.884689331054688,11.744823999947585,200.00934600830078,363.03543799999716,61.58018112182617,95.05618099990443,0
2440,1.5375614166259766,2.0829200000207493,7.09843635559082,9.274083000036626,191.20264053344727,347.6990469999919,59.15403366088867,93.1592010000486,0
2441,1.985311508178711,2.7620690000276227,3.087282180786133,3.655288000004475,141.4356231689453,254.4192520000479,64.2998218536377,100.60647000000245,0
2442,0.7193088531494141,0.6666580000000977,6.834745407104492,6.787951999967845,186.26689910888672,340.1611019999109,58.08448791503906,90.30020199998035,0
2443,1.435995101928711,2.115022999987559,7.325410842895508,9.529349999979786,385.32543182373047,699.9386439999853,58.03728103637695,92.55668599996625,0
2444,2.1529197692871094,2.9226660000176707,7.695198059082031,10.606088000031377,186.23971939086914,336.153907000039,63.78531455993652,98.76204800002597,0
2445,2.2499561309814453,3.2984069999884014,5.750417709350586,5.842173000019102,225.87180137634277,367.3863110000184,58.06136131286621,135.2574369999502,0
2446,1.9803047180175781,2.7254689999836046,7.35163688659668,8.016615999963506,246.40583992004395,451.44479300006424,60.67848205566406,91.82631099997707,0
2447,2.0339488983154297,2.817290000052708,3.8657188415527344,4.0668509999477465,139.01948928833008,253.3166009999377,59.603214263916016,92.20877999996446,0
2448,1.2023448944091797,1.9678609999118635,8.031129837036133,8.416560000000572,143.91279220581055,159.88287799996215,64.31317329406738,199.30518800003938,0
2449,0.7162094116210938,0.6635339999547796,3.6325454711914062,3.906939999978931,163.50221633911133,296.63335499992627,66.77079200744629,104.34679899992716,0
2450,0.7829666137695312,1.0423799999443872,6.221771240234375,6.552148000082525,134.88245010375977,240.08384000001115,58.928489685058594,97.17085700003736,0
2451,1.1115074157714844,1.859350000017912,4.621982574462891,5.095440999980383,141.62421226501465,250.0385370000231,58.40301513671875,98.26409900006183,0
2452,1.9350051879882812,2.737662999948043,7.161617279052734,7.1541419999903155,135.9715461730957,240.89126900003066,57.883262634277344,97.0293870000205,0
2453,1.2478828430175781,2.078986000014993,4.681587219238281,5.250762999935432,137.5730037689209,247.28307999998833,67.23356246948242,103.30456799999865,0
2454,1.420736312866211,2.012719000049401,10.467767715454102,12.45777100007217,146.28124237060547,265.231631000006,67.17848777770996,102.31940300002407,0
2455,2.2933483123779297,3.09142100002191,5.501270294189453,5.614159000060681,145.80059051513672,256.4947989999382,59.76533889770508,98.1159130000151,0
2456,1.6543865203857422,2.4296380000805584,7.723569869995117,7.593239000016183,134.72843170166016,124.37434000003122,60.64772605895996,211.5692019999642,0
2457,2.8638839721679688,4.043002000003071,6.986141204833984,7.234957000036957,146.73900604248047,253.67910800002846,60.73880195617676,97.48522199993204,0
2458,0.7333755493164062,1.0794800000439864,5.584478378295898,5.9658100000206105,133.925199508667,146.32363499993062,57.74426460266113,188.0047669999385,0
2459,1.176595687866211,1.9685439999648224,3.4034252166748047,4.000077000000601,140.8231258392334,254.80778399992232,63.02452087402344,100.503619000051,0
2460,0.8981227874755859,1.1925210000072184,6.3686370849609375,7.053825000070901,137.94422149658203,245.66082699993785,59.75222587585449,98.65214399997058,0
2461,0.7803440093994141,1.1504909999757729,3.802061080932617,4.3830010000647235,155.5502414703369,284.91645700000845,75.86216926574707,111.86111300003176,0
2462,1.8684864044189453,2.5580269999636585,10.01429557800293,11.632776999931593,146.6364860534668,261.0807119999663,59.13734436035156,97.02738699991187,0
2463,0.8108615875244141,1.2852400000156194,4.1484832763671875,4.717418000041107,144.65928077697754,260.6277490000366,63.65036964416504,95.804747000102,0
2464,0.8304119110107422,1.2593469999728768,6.392002105712891,6.798671999945327,154.88219261169434,274.08636299992395,62.296152114868164,102.57572800003345,0
2465,0.7412433624267578,1.1481870000125127,4.074811935424805,4.672468000080698,134.58776473999023,239.91910899997038,61.34605407714844,99.18092700002035,0
2466,1.9032955169677734,2.7045900000075562,6.737709045410156,6.815324000058354,135.06007194519043,239.7874310000816,64.20636177062988,102.47269799992864,0
2467,2.1209716796875,2.961834999950952,5.008459091186523,5.325170000105572,141.03245735168457,200.43881600008717,56.91194534301758,143.30215899997256,0
2468,2.4061203002929688,3.3528689999684502,9.010791778564453,9.865893999972286,137.38012313842773,246.0217450000073,69.44823265075684,106.99118799993812,0
2469,1.0082721710205078,1.5791580000268368,5.6591033935546875,6.35091099991314,149.8737335205078,269.96481100002256,59.79418754577637,95.20616500003598,0
2470,0.6985664367675781,1.082203999999365,7.706403732299805,7.963584999970408,140.90895652770996,248.16731700002492,67.9159164428711,107.5025809999488,0
2471,1.123666763305664,1.720137999996041,6.163597106933594,7.49738799993338,146.95262908935547,264.25547700000607,58.893442153930664,93.31761900000402,0
2472,1.718282699584961,2.5186919999669044,7.46607780456543,7.387186000073598,135.38718223571777,245.22979200003192,59.75675582885742,93.32104999998592,0
2473,2.007007598876953,2.782787000001008,5.283355712890625,7.044890000088344,135.82253456115723,247.91079799990712,59.97800827026367,91.50107000004937,0
2474,1.4719963073730469,2.5138259999266666,6.310939788818359,6.641701000035027,144.76871490478516,256.4036470000701,59.99422073364258,100.15203600005407,0
2475,2.005338668823242,2.8990069999963453,3.613710403442383,3.416338000079122,140.01846313476562,257.64300799994544,60.521602630615234,91.56686599999375,0
2476,2.643108367919922,3.764122999996289,8.264541625976562,8.215884000037477,136.2466812133789,245.60327000006055,62.06345558166504,95.10019799995462,0
2477,1.5141963958740234,2.5610499999402236,3.826618194580078,5.158052000069802,136.57212257385254,143.0085769999323,58.083295822143555,195.18313999992642,0
2478,0.7660388946533203,1.137891999974272,5.8746337890625,6.235566999976072,138.52715492248535,253.13249099997392,58.57539176940918,91.14839699998356,0
2479,1.295328140258789,2.0302570000012565,3.6058425903320312,4.334275000019261,138.97967338562012,245.54908300001443,58.78877639770508,99.44950499993865,0
2480,1.3079643249511719,2.1728560000155994,6.549835205078125,6.7289410000057615,170.9136962890625,304.9631540000064,68.04752349853516,109.99623899999733,0
2481,0.7727146148681641,0.7157520000191653,3.7567615509033203,3.9721519999602606,135.1332664489746,247.08962199997586,60.54115295410156,91.97399300001052,0
2482,2.4857521057128906,3.2345089999807897,9.498119354248047,9.50624700010394,146.61788940429688,265.20337599993127,62.16907501220703,96.83092900002066,0
2483,2.0017623901367188,2.7244880000125704,4.669666290283203,4.797688999929051,161.44800186157227,291.13221699992664,90.20709991455078,142.20420499998454,0
2484,3.3690929412841797,4.993069999954969,11.722564697265625,12.44082999994589,168.1668758392334,269.7111640000003,59.76462364196777,128.42879100003302,0
2485,1.5926361083984375,2.4014419999502934,4.677534103393555,5.572555999947326,144.25110816955566,231.00800999998228,57.89828300476074,121.16190200003985,0
2486,1.7228126525878906,2.530918000047677,6.381034851074219,6.992846000002828,143.84770393371582,212.3900839999351,56.85544013977051,137.51408600001014,0
2487,1.5246868133544922,2.591552000012598,4.4879913330078125,5.162562999998954,168.49327087402344,155.54144600002928,74.74160194396973,257.52944300006675,0
2488,0.7605552673339844,0.7047750000310771,11.07645034790039,11.619332999998733,157.77349472045898,279.6322080000664,61.94329261779785,104.1945139999143,0
2489,0.8022785186767578,1.1534979998941708,3.33404541015625,3.906078999989404,139.88089561462402,254.3587050000724,61.010122299194336,93.99789200006126,0
2490,1.5344619750976562,2.620224999986931,6.342411041259766,6.691390000014508,142.1220302581787,211.51446500005022,57.1591854095459,137.26843900008134,0
2491,1.9156932830810547,2.722328999993806,3.849506378173828,4.0433610000718545,139.01472091674805,247.6946560000215,62.14141845703125,96.91135800005668,0
2492,0.9663105010986328,1.60884799993255,5.813360214233398,6.335198999977365,135.81275939941406,243.8619980000567,60.33968925476074,95.40197299997999,0
2493,1.7905235290527344,2.6825620000181516,4.299163818359375,4.9660720000019865,140.06662368774414,249.88703100007115,58.3956241607666,96.3027669999974,0
2494,1.272439956665039,1.9659980000596988,7.511615753173828,7.834450000018478,142.9617404937744,258.5879030000342,59.36908721923828,92.71020399989993,0
2495,2.0322799682617188,2.7114419999634265,5.353450775146484,6.992539999941982,145.12944221496582,257.45009199999913,64.32867050170898,103.02379400002337,0
2496,1.7161369323730469,2.5466350000442617,8.231401443481445,8.096841999986282,135.3614330291748,244.69449899993378,59.610605239868164,92.88200399998914,0
2497,2.0499229431152344,2.881028000047081,4.848718643188477,5.7298570000057225,133.94474983215332,236.24848600002224,69.5505142211914,112.74664999996276,0
2498,0.7193088531494141,1.0453570000663603,5.792379379272461,6.159744999990835,133.81385803222656,240.63329399996292,59.56149101257324,96.25634999997601,0
2499,2.8619766235351562,2.7339830000983056,8.721113204956055,11.401664999993955,143.39041709899902,258.64423899997746,63.442230224609375,98.64611700004389,0
